Nombre Reactor;Pais;Ciudad;Tipo;Potencia Térmica (KW);Estado;Fecha Primera Reacción
TRICO II;Democratic Republic of the Congo;Kinshasa;TRIGA MARK II;1000;EXTENDED SHUTDOWN;1972-03-24T00:00:00
NUR;Algeria;Algiers;POOL;1000;OPERATIONAL;1989-03-24T00:00:00
ES-SALAM;Algeria;Djelfa;HEAVY WATER;15000;OPERATIONAL;1992-02-17T00:00:00
HOR;Netherlands, Kingdom of the;Delft;POOL;2300;OPERATIONAL;1963-04-25T00:00:00
VR-2;Czech Republic;Prague;SUBCRIT;0;OPERATIONAL;NA
RFR;Germany;Dresden / Rossendorf;TANK WWR;10000;DECOMMISSIONED;1957-12-16T00:00:00
RAKE;Germany;Dresden/Rossendorf;TANK;0.01;DECOMMISSIONED;1969-10-03T00:00:00
RRR;Germany;Dresden/Rossendorf;ARGONAUT;1;DECOMMISSIONED;1962-12-16T00:00:00
SNEAK;Germany;Karlsruhe;HOMOG (S);0.001;DECOMMISSIONED;1966-12-01T00:00:00
SAR;Germany;Munich;ARGONAUT;1;DECOMMISSIONED;1959-06-01T00:00:00
STARK;Germany;Karlsruhe;ARGONAUT;0.01;DECOMMISSIONED;1963-01-01T00:00:00
SUA;Germany;Munich;SUBCRIT;0;DECOMMISSIONED;1959-06-01T00:00:00
SUAK;Germany;Karlsruhe;SUBCRIT;0;DECOMMISSIONED;1964-11-20T00:00:00
SUR Berlin;Germany;Berlin;HOMOG (S);0;DECOMMISSIONED;1963-07-01T00:00:00
SUR Bremen;Germany;Bremen;HOMOG (S);0;DECOMMISSIONED;1967-10-10T00:00:00
SUR Darmstadt;Germany;Darmstadt;HOMOG (S);0;DECOMMISSIONED;1963-09-01T00:00:00
SUR Hamburg;Germany;Hamburg;HOMOG (S);0;DECOMMISSIONED;1965-01-06T00:00:00
SUR Hannover;Germany;Hannover;HOMOG (S);0.001;DECOMMISSIONED;1971-12-09T00:00:00
SUR Karlsruhe;Germany;Karlsruhe;HOMOG (S);0;DECOMMISSIONED;1966-03-07T00:00:00
SUR Kiel;Germany;Kiel;HOMOG (S);0;DECOMMISSIONED;1966-03-29T00:00:00
SUR Munich;Germany;Munich;HOMOG (S);0;DECOMMISSIONED;1962-02-01T00:00:00
TRIGA HD I;Germany;Heidelberg;TRIGA MARK I;250;DECOMMISSIONED;1966-08-01T00:00:00
TRIGA HD II;Germany;Heidelberg;TRIGA MARK I;250;DECOMMISSIONED;1978-02-28T00:00:00
ZLFR;Germany;Zittau;TANK;0.01;DECOMMISSIONED;1979-05-25T00:00:00
FRH;Germany;Hannover;TRIGA MARK I;250;DECOMMISSIONED;1973-01-31T00:00:00
FRJ-1 (MERLIN);Germany;Jülich;POOL;10000;DECOMMISSIONED;1962-02-24T00:00:00
KAHTER;Germany;Jülich;CRIT ASSEMBLY;0.1;DECOMMISSIONED;1973-07-02T00:00:00
NS Otto Hahn;Germany;Geesthacht;PWR PROPULSION;38000;DECOMMISSIONED;1968-08-26T00:00:00
KEITER;Germany;Jülich;CRIT ASSEMBLY;0.001;DECOMMISSIONED;1971-06-15T00:00:00
PR-10 AEG Prüfreaktor;Germany;Karlstein am Main;ARGONAUT;0.18;DECOMMISSIONED;1961-01-01T00:00:00
FMRB;Germany;Braunschweig;POOL;1000;UNDER DECOMMISSIONING;1967-10-03T00:00:00
FR-2;Germany;Karlsruhe;TANK;44000;UNDER DECOMMISSIONING;1961-03-07T00:00:00
FRG-1;Germany;Geesthacht;POOL;5000;UNDER DECOMMISSIONING;1958-10-23T00:00:00
FRG-2;Germany;Geesthact;POOL;15000;UNDER DECOMMISSIONING;1963-03-15T00:00:00
FRM;Germany;Garching / Munich;POOL;4000;UNDER DECOMMISSIONING;1957-10-31T00:00:00
FRN;Germany;Munich;TRIGA MARK III;1000;UNDER DECOMMISSIONING;1972-08-23T00:00:00
BER-I;Germany;Berlin;HOMOG (L);50;DECOMMISSIONED;1958-07-24T00:00:00
FRF-2;Germany;Frankfurt am Main;TRIGA CONV;1000;DECOMMISSIONED;1977-10-01T00:00:00
FRF-1;Germany;Frankfurt am Main;HOMOG;50;DECOMMISSIONED;1958-01-01T00:00:00
FRM II;Germany;Garching bei München;POOL;20000;TEMPORARY SHUTDOWN;2004-03-02T00:00:00
FRJ-2 (DIDO);Germany;Jülich;HEAVY WATER;23000;UNDER DECOMMISSIONING;1962-11-14T00:00:00
Masurca;France;Saint-Paul-lès-Durance;CRIT FAST;5;UNDER DECOMMISSIONING;1966-12-14T00:00:00
Isis;France;Gif-sur-Yvette;POOL;700;UNDER DECOMMISSIONING;1966-04-28T00:00:00
IRT-MEPhI;Russian Federation;Moscow;POOL, IRT;2500;OPERATIONAL;1967-05-26T00:00:00
PIK;Russian Federation;Saint-Petersburg;TANK;100000;OPERATIONAL;NA
IRT-T;Russian Federation;Tomsk;POOL, IRT;6000;OPERATIONAL;1967-07-22T00:00:00
PRR-1;Philippines;Quezon City;SUBCRIT;0;OPERATIONAL;NA
REACTOR JULES HOROWITZ;France;Saint-Paul-les-Durance;TANK IN POOL;100000;UNDER CONSTRUCTION;NA
Stend-7;Russian Federation;Electrostal;CRIT ASSEMBLY;0.7;DECOMMISSIONED;1979-01-01T00:00:00
FS-2;Russian Federation;Moscow;SUBCRIT;0.2;OPERATIONAL;1972-10-17T00:00:00
WWR-M;Russian Federation;Gatchina;TANK WWR;18000;EXTENDED SHUTDOWN;1959-12-29T00:00:00
PIK Physical Model;Russian Federation;Gatchina;CRIT ASSEMBLY;0.1;OPERATIONAL;1983-12-26T00:00:00
BFS-1;Russian Federation;Obninsk;CRIT ASSEMBLY;0.2;OPERATIONAL;1962-02-20T00:00:00
659-L;Russian Federation;Nizhny Novgorod;CRIT ASSEMBLY;0;DECOMMISSIONED;1979-01-01T00:00:00
Stend-6;Russian Federation;Electrostal;CRIT ASSEMBLY;0.05;DECOMMISSIONED;1968-01-01T00:00:00
Stend-3;Russian Federation;Electrostal;CRIT ASSEMBLY;2;DECOMMISSIONED;1967-01-01T00:00:00
Stend-2;Russian Federation;Electrostal;CRIT ASSEMBLY;2;DECOMMISSIONED;1969-01-01T00:00:00
Stend-1;Russian Federation;Electrostal;CRIT ASSEMBLY;2;DECOMMISSIONED;1966-01-01T00:00:00
SGO;Russian Federation;Obninsk;CRIT ASSEMBLY;0.1;DECOMMISSIONED;1969-01-01T00:00:00
RF-GS;Russian Federation;Obninsk;CRIT ASSEMBLY;0.01;DECOMMISSIONED;1962-01-01T00:00:00
COBRA;Russian Federation;Obninsk;CRIT ASSEMBLY;0.3;DECOMMISSIONED;1970-01-01T00:00:00
BR-1;Russian Federation;Obninsk;CRIT ASSEMBLY;0.05;DECOMMISSIONED;1965-01-01T00:00:00
AMBF-2;Russian Federation;Obninsk;CRIT ASSEMBLY;0.1;DECOMMISSIONED;1984-11-22T00:00:00
STRELA;Russian Federation;Obninsk;CRIT ASSEMBLY;0.02;DECOMMISSIONED;1968-08-14T00:00:00
BFS-2;Russian Federation;Obninsk;CRIT ASSEMBLY;1;OPERATIONAL;1969-09-30T00:00:00
BARS-6;Russian Federation;Obninsk;PROMPT BURST;10;OPERATIONAL;1994-12-30T00:00:00
FG-5;Russian Federation;Obninsk;CRIT ASSEMBLY;0.1;DECOMMISSIONED;1967-01-01T00:00:00
27/VT;Russian Federation;Obninsk;FAST, POWER;70000;UNDER DECOMMISSIONING;1959-01-01T00:00:00
TOPAZ;Russian Federation;Obninsk;SPACE TEST;150;DECOMMISSIONED;1966-01-01T00:00:00
BR-10;Russian Federation;Obninsk;LOOP TYPE;8000;PERMANENT SHUTDOWN;1958-06-01T00:00:00
VENUS-F;Belgium;Mol;CRIT ASSEMBLY;0.1;OPERATIONAL;1964-04-30T00:00:00
Stend-5;Russian Federation;Electrostal;CRIT ASSEMBLY;0.3;OPERATIONAL;1967-04-20T00:00:00
IIN-3M;Russian Federation;Moscow;PROMPT BURST;0;DECOMMISSIONED;1972-01-01T00:00:00
TOPAZ-II (YENISEY);Russian Federation;Moscow;SPACE TEST;135;DECOMMISSIONED;1967-01-01T00:00:00
Stend-4;Russian Federation;Electrostal;CRIT ASSEMBLY;0.03;OPERATIONAL;1967-04-20T00:00:00
AM-1;Russian Federation;Obninsk;GRAPHITE;10000;UNDER DECOMMISSIONING;1954-06-15T00:00:00
BARS-3M;Russian Federation;Moscow;PROMPT BURST;0;DECOMMISSIONED;1988-01-01T00:00:00
27/VM;Russian Federation;Obninsk;PWR POWER;70000;UNDER DECOMMISSIONING;1956-03-01T00:00:00
BR-1;Belgium;Mol;GRAPHITE;1000;OPERATIONAL;1956-05-11T00:00:00
659;Russian Federation;Nizhny Novgorod;CRIT ASSEMBLY;0.1;OPERATIONAL;1963-06-15T00:00:00
1125;Russian Federation;Nizhny Novgorod;CRIT ASSEMBLY;0.6;OPERATIONAL;1975-11-17T00:00:00
TCA Tank Critical Assembly;Japan;Tokai-mura;CRIT ASSEMBLY;0.2;UNDER DECOMMISSIONING;1962-08-23T00:00:00
FCA;Japan;Tokai-mura;CRIT FAST;2;UNDER DECOMMISSIONING;1967-04-29T00:00:00
TIBR-1M;Russian Federation;Moscow;PROMPT BURST;0;DECOMMISSIONED;1976-01-01T00:00:00
IFR (IBR-1);Russian Federation;Moscow;FAST;6;DECOMMISSIONED;1960-06-01T00:00:00
IBR-30;Russian Federation;Dubna;FAST, PULSED;25;DECOMMISSIONED;1969-01-01T00:00:00
BARS-2;Russian Federation;Moscow;PROMPT BURST;0;DECOMMISSIONED;1971-01-01T00:00:00
IR-50;Russian Federation;Moscow;POOL;50;PERMANENT SHUTDOWN;1961-02-20T00:00:00
WWR-TS;Russian Federation;Obninsk;TANK WWR;15000;OPERATIONAL;1964-11-04T00:00:00
IBR-2M;Russian Federation;Dubna;FAST, PULSED;2000;OPERATIONAL;1978-12-15T00:00:00
BARS-4;Russian Federation;Moscow;PROMPT BURST;10;TEMPORARY SHUTDOWN;1980-06-03T00:00:00
IRV-2M;Russian Federation;Moscow;POOL;4000;UNDER CONSTRUCTION;1974-12-28T00:00:00
TRACY;Japan;Tokai-Mura;PULSING;10;UNDER DECOMMISSIONING;1995-12-20T00:00:00
STACY;Japan;Tokai-Mura;CRIT ASSEMBLY;0.2;TEMPORARY SHUTDOWN;1995-02-23T00:00:00
IRT-Sofia;Bulgaria;Sofia;POOL, IRT;2000;PERMANENT SHUTDOWN;1961-09-18T00:00:00
TRIGA- MARK II LJUBLJANA;Slovenia;Ljubljana;TRIGA MARK II;250;OPERATIONAL;1966-05-31T00:00:00
ASTRA;Austria;Vienna;POOL;10000;DECOMMISSIONED;1960-09-24T00:00:00
SAR-Graz;Austria;Graz;ARGONAUT;10;DECOMMISSIONED;1965-05-17T00:00:00
TRIGA II VIENNA;Austria;Vienna;TRIGA MARK II;250;OPERATIONAL;1962-03-07T00:00:00
RSV TAPIRO;Italy;Rome;FAST SOURCE;5;OPERATIONAL;1971-04-04T00:00:00
Demokritos (GRR-1);Greece;Athens;POOL;5000;EXTENDED SHUTDOWN;1961-07-27T00:00:00
Ecole Polytechnique Subcritical Assembly;Canada;Montréal, QC;SUBCRIT;0.001;DECOMMISSIONED;1974-01-01T00:00:00
RANA;Italy;Rome;POOL;10;DECOMMISSIONED;1965-02-15T00:00:00
SLOWPOKE-2, Kanata;Canada;Ottawa;SLOWPOKE-2;20;DECOMMISSIONED;1984-06-06T00:00:00
PTR;Canada;Chalk River, ON;POOL;0.1;DECOMMISSIONED;1957-11-01T00:00:00
SLOWPOKE-2, Halifax;Canada;Halifax;SLOWPOKE-2;20;DECOMMISSIONED;1976-07-08T00:00:00
WR-1;Canada;Pinawa, MB;HEAVY WATER;60000;UNDER DECOMMISSIONING;1965-11-01T00:00:00
SLOWPOKE-2, Toronto;Canada;Toronto, ON;SLOWPOKE-2;20;DECOMMISSIONED;1971-06-05T00:00:00
SLOWPOKE, Alberta;Canada;Edmonton;SLOWPOKE-2;20;UNDER DECOMMISSIONING;1977-04-22T00:00:00
ZEEP;Canada;Chalk River, ON;HEAVY WATER;0.001;DECOMMISSIONED;1945-09-01T00:00:00
SLOWPOKE-2, RMC;Canada;Kingston, ON;SLOWPOKE-2;20;OPERATIONAL;1985-09-06T00:00:00
NRU;Canada;Chalk River;HEAVY WATER;135000;PERMANENT SHUTDOWN;1957-11-03T00:00:00
MAPLE 1;Canada;Chalk River, ON;TANK IN POOL;10000;PERMANENT SHUTDOWN;NA
MAPLE 2;Canada;Chalk River, ON;TANK IN POOL;10000;PERMANENT SHUTDOWN;NA
NRX;Canada;Chalk River;HEAVY WATER;42000;PERMANENT SHUTDOWN;1947-07-22T00:00:00
SLOWPOKE-2, Montreal;Canada;Montréal;SLOWPOKE-2;20;OPERATIONAL;1976-05-01T00:00:00
RB-3;Italy;Bologna;ZERO POWER D2O;0.1;DECOMMISSIONED;1971-08-09T00:00:00
AGN 211 P;Switzerland;Basel;HOMOG (S);2;DECOMMISSIONED;1959-08-01T00:00:00
RPI;Portugal;Lisbon;POOL;1000;PERMANENT SHUTDOWN;1961-04-25T00:00:00
IGR;Kazakhstan;Kurchatov;GRAPHITE, PULSE;0;OPERATIONAL;1960-06-01T00:00:00
NIRR-1;Nigeria;Zaria;MNSR;30;OPERATIONAL;2004-02-03T00:00:00
NIST;United States of America;Gaithersburg, Maryland;HEAVY WATER;20000;OPERATIONAL;1967-12-07T00:00:00
VR-1;Czech Republic;Prague;POOL;0.5;OPERATIONAL;1990-03-12T00:00:00
MNSR IAE;China;Beijing;MNSR;27;OPERATIONAL;1984-03-10T00:00:00
IHNI-1;China;Beijing;MNSR;30;OPERATIONAL;2009-12-07T00:00:00
RECH-1;Chile;Santiago;POOL;5000;OPERATIONAL;1974-10-13T00:00:00
RECH-2;Chile;Santiago;POOL;2000;EXTENDED SHUTDOWN;1989-09-06T00:00:00
FIR-1;Finland;Espoo;TRIGA MARK II;250;UNDER DECOMMISSIONING;1962-03-27T00:00:00
ZPR Fast;China;Beijing;CRIT FAST;0.05;EXTENDED SHUTDOWN;1970-06-29T00:00:00
PURNIMA-III;India;Mumbai;TANK;0.001;DECOMMISSIONED;1990-09-11T00:00:00
MNSR-SH;China;Shanghai;MNSR;30;DECOMMISSIONED;1991-12-18T00:00:00
MNSR-SD;China;Jinan;MNSR;33;DECOMMISSIONED;1989-05-01T00:00:00
HWRR-II;China;Beijing;HEAVY WATER;15000;UNDER DECOMMISSIONING;1958-09-01T00:00:00
ATR;United States of America;Idaho Falls;TANK;250000;OPERATIONAL;1967-07-02T00:00:00
TRIGA RC-1;Italy;Rome;TRIGA MARK II;1000;OPERATIONAL;1960-06-11T00:00:00
LENA, TRIGA II PAVIA;Italy;Pavia;TRIGA MARK II;250;OPERATIONAL;1965-11-15T00:00:00
VENUS-1;China;Beijing;SUBCRIT;0;OPERATIONAL;2005-07-18T00:00:00
CARR;China;Beijing;TANK IN POOL;60000;OPERATIONAL;2010-05-13T00:00:00
CEFR;China;Beijing;FAST BREEDER;65000;OPERATIONAL;2010-07-21T00:00:00
MNSR-SZ;China;Shenzhen;MNSR;30;OPERATIONAL;1988-11-01T00:00:00
SPR IAE;China;Beijing;POOL;3500;OPERATIONAL;1964-12-20T00:00:00
IIN-3M;Uzbekistan;Tashkent;HOMOG PUL;20;DECOMMISSIONED;1975-12-01T00:00:00
MARIA;Poland;Otwock;POOL;30000;OPERATIONAL;1974-12-18T00:00:00
Orphee;France;Gif-sur-Yvette;POOL;14000;PERMANENT SHUTDOWN;1980-12-19T00:00:00
BER-II;Germany;Berlin;POOL;10000;PERMANENT SHUTDOWN;1973-12-09T00:00:00
SM-3;Russian Federation;Dimitrovgrad;PRESSURE VESSEL;100000;OPERATIONAL;1961-01-10T00:00:00
OSURR Ohio State Univ.;United States of America;Columbus, OH;POOL;500;OPERATIONAL;1961-03-16T00:00:00
SRC SLOWPOKE, Saskatchewan;Canada;Saskatoon;SLOWPOKE-2;20;PERMANENT SHUTDOWN;1981-03-01T00:00:00
ENTC LWSCR;Iran, Islamic Republic of;Isfahan;SUBCRIT;0;OPERATIONAL;1992-01-01T00:00:00
Tehran Research Reactor (TRR);Iran, Islamic Republic of;Tehran;POOL;5000;OPERATIONAL;1967-11-01T00:00:00
ENTC HWZPR;Iran, Islamic Republic of;Isfahan;CRIT ASSEMBLY;0.1;OPERATIONAL;1995-06-01T00:00:00
ENTC MNSR;Iran, Islamic Republic of;Isfahan;MNSR;30;OPERATIONAL;1994-03-01T00:00:00
JEEP II;Norway;Kjeller;TANK;2000;PERMANENT SHUTDOWN;1966-12-01T00:00:00
WWR-SM Tashkent;Uzbekistan;Tashkent;TANK WWR;10000;OPERATIONAL;1959-09-10T00:00:00
MURR Univ. Missouri-Columbia;United States of America;Columbia, MO;TANK IN POOL;10000;OPERATIONAL;1966-10-13T00:00:00
KIPT Experimental Neutron Source;Ukraine;Kharkov;SUBCRIT;0.19;UNDER CONSTRUCTION;NA
Apsara;India;Mumbai;POOL;1000;DECOMMISSIONED;1956-08-04T00:00:00
Gidra (Hydra);Russian Federation;Moscow;HOMOG (L);10;OPERATIONAL;1971-11-24T00:00:00
Argus;Russian Federation;Moscow;HOMOG (L);20;OPERATIONAL;1981-11-02T00:00:00
RA-10;Argentina;Buenos Aires;POOL;30000;UNDER CONSTRUCTION;NA
Apsara-U;India;Mumbai;POOL;2000;OPERATIONAL;2018-09-10T00:00:00
RA-4;Argentina;Rosario;HOMOG (S);0.001;OPERATIONAL;1972-01-01T00:00:00
PLATR Pawling Lattice Test Rig;United States of America;Poughkeepsie, NY;CRIT ASSEMBLY;0.1;DECOMMISSIONED;1958-11-01T00:00:00
IRT-1;Libya;Tajoura;POOL, IRT;10000;TEMPORARY SHUTDOWN;1981-08-28T00:00:00
TNRC Critical Facility;Libya;Tajoura;CRIT ASSEMBLY;0.1;OPERATIONAL;NA
UFTR Univ. Florida;United States of America;Gainesville, FL;ARGONAUT;100;OPERATIONAL;1959-05-28T00:00:00
LWBCC Light Water Breeder;United States of America;West Mifflin, PA;CRIT ASSEMBLY;0.001;DECOMMISSIONED;1963-08-01T00:00:00
SR-305 Savannah River;United States of America;Aiken, SC;GRAPHITE;0.05;DECOMMISSIONED;1952-12-01T00:00:00
Clementine Fast Reactor;United States of America;Los Alamos, NM;FAST, HG COOLED;25;DECOMMISSIONED;1946-11-01T00:00:00
AFSR Argonne Fast Source;United States of America;Idaho Falls, ID;FAST;1;DECOMMISSIONED;1959-10-29T00:00:00
AETR Advanced Epithermal Thorium;United States of America;Simi Valley, CA;CRIT FAST;0.001;DECOMMISSIONED;1960-01-01T00:00:00
SP Standard Pile;United States of America;Aiken, SC;GRAPHITE PILE;10;DECOMMISSIONED;1953-07-25T00:00:00
PDP Process Development Pile;United States of America;Aiken, SC;HEAVY WATER;0.5;DECOMMISSIONED;1953-10-01T00:00:00
Planet;United States of America;Las Vegas, NV;CRIT ASSEMBLY;0;OPERATIONAL;1950-01-01T00:00:00
PTF Proof Test Facility;United States of America;Poughkeepsie, NY;CRIT ASSEMBLY;0.001;DECOMMISSIONED;1967-05-01T00:00:00
White Sands Fast Burst Reactor;United States of America;Las Cruces, NM;FAST BURST;10000;OPERATIONAL;1964-07-01T00:00:00
Mars;United States of America;Los Alamos, NM;CRIT ASSEMBLY;0.001;DECOMMISSIONED;1958-01-01T00:00:00
Bettis PWR Flexible Assembly;United States of America;West Mifflin, PA;CRIT ASSEMBLY;0.001;DECOMMISSIONED;1955-01-01T00:00:00
Westinghouse CRX Critical;United States of America;New Stanton, PA;HOMOG (S);2000;DECOMMISSIONED;1957-12-18T00:00:00
SL-1 Stationary Low Power;United States of America;Idaho Falls, ID;BWR POWER;3000;DECOMMISSIONED;1958-08-11T00:00:00
D1G Destroyer Prototype;United States of America;Ballston Spa, NY;PWR PROPULSION;0;DECOMMISSIONED;1961-03-01T00:00:00
TREAT;United States of America;Idaho Falls, ID;GRAPHITE, PULSE;80;OPERATIONAL;1959-02-23T00:00:00
JMTR;Japan;Oarai;TANK;50000;PERMANENT SHUTDOWN;1968-03-30T00:00:00
Phrenic;United States of America;Upton, NY;POOL;100;DECOMMISSIONED;1965-01-01T00:00:00
Schizo;United States of America;Upton, NY;POOL;100;DECOMMISSIONED;1958-05-19T00:00:00
WWR-K Almaty;Kazakhstan;Almaty;POOL;6000;OPERATIONAL;1967-10-22T00:00:00
FS-1 Brookhaven Fast Source;United States of America;Upton, NY;CRIT ASSEMBLY;1;DECOMMISSIONED;1967-08-01T00:00:00
High Flux RR;India;Visakhapatnam;POOL;40000;PLANNED;NA
Critical Facility for AHWR and PHWR;India;Mumbai;TANK;0.1;OPERATIONAL;2008-04-07T00:00:00
HBWR;Norway;Halden;HEAVY WATER;20000;PERMANENT SHUTDOWN;1959-06-29T00:00:00
PMA Plastic Mockup Assembly;United States of America;Schenectady, NY;CRIT ASSEMBLY;0.001;DECOMMISSIONED;1954-01-01T00:00:00
Minerve;France;Saint-Paul-lès-Durance;POOL;0.1;UNDER DECOMMISSIONING;1959-09-29T00:00:00
Éole;France;Saint-Paul-lès-Durance;TANK IN POOL;1;UNDER DECOMMISSIONING;1965-12-02T00:00:00
NRAD;United States of America;Idaho Falls, ID;TRIGA MARK II;250;OPERATIONAL;1977-10-12T00:00:00
PPA Preliminary Pile Assembly;United States of America;Schenectady, NY;CRIT ASSEMBLY;0.1;DECOMMISSIONED;1948-04-22T00:00:00
L-85 Nuclear Examination;United States of America;Simi Valley, CA;HOMOG (L);3;DECOMMISSIONED;1952-04-21T00:00:00
Aquilon;France;Gif-sur-Yvette;CRIT FAST;0.1;DECOMMISSIONED;1956-08-11T00:00:00
ZEUS;United Kingdom;Didcot;CRIT FAST;0.1;DECOMMISSIONED;1955-12-22T00:00:00
ZEPHYR;United Kingdom;Didcot;CRIT FAST;0.002;DECOMMISSIONED;1954-02-01T00:00:00
Univ. Illinois Advanced TRIGA;United States of America;Urbana, IL;TRIGA MARK II;1500;DECOMMISSIONED;1969-07-23T00:00:00
CP-1, Chicago Pile 1;United States of America;Chicago, IL;GRAPHITE PILE;0.2;DECOMMISSIONED;1942-12-02T00:00:00
ZPR-7 Argonne;United States of America;Lemont, IL;CRIT ASSEMBLY;0.01;DECOMMISSIONED;1957-07-03T00:00:00
LAPRE I;United States of America;Los Alamos, NM;HOMOG (L);2000;DECOMMISSIONED;1956-02-15T00:00:00
PCA Pool Critical Assembly;United States of America;Oak Ridge, TN;CRIT ASSEMBLY;10;PERMANENT SHUTDOWN;1958-04-01T00:00:00
TSR-II Tower Shielding;United States of America;Oak Ridge, TN;TANK;1000;PERMANENT SHUTDOWN;1960-03-26T00:00:00
TSR-1 Tower Shielding;United States of America;Oak Ridge, TN;TANK;500;DECOMMISSIONED;1954-03-12T00:00:00
MTR;United States of America;Idaho Falls, ID;TANK;40000;DECOMMISSIONED;1952-03-01T00:00:00
ML-1 Mobile Low Power Reactor;United States of America;Idaho Falls, ID;N2 COOLED;3300;DECOMMISSIONED;1961-03-01T00:00:00
UTR-1;United States of America;Mountain View, CA;ARGONAUT;0.001;DECOMMISSIONED;1958-06-01T00:00:00
BMRR Brookhaven Medical;United States of America;Upton, NY;TANK;3000;UNDER DECOMMISSIONING;1959-03-15T00:00:00
ORR, ORNL Research Reactor;United States of America;Oak Ridge, TN;TANK IN POOL;30000;UNDER DECOMMISSIONING;1958-03-01T00:00:00
OSTR, Oregon State Univ.;United States of America;Corvallis, OR;TRIGA MARK II;1100;OPERATIONAL;1967-03-08T00:00:00
Sandia SPR CX;United States of America;Albuquerque, NM;CRIT ASSEMBLY;0.001;OPERATIONAL;1989-10-24T00:00:00
AGN-201 Univ. New Mexico;United States of America;Albuquerque, NM;HOMOG (S);0.005;OPERATIONAL;1966-10-01T00:00:00
MUTR Univ. Maryland;United States of America;College Park, MD;TRIGA MODIFIED;250;OPERATIONAL;1960-12-01T00:00:00
NSCR Texas A&M Univ.;United States of America;College Station, TX;TRIGA CONV;1000;OPERATIONAL;1962-01-01T00:00:00
CRCE Cavity Reactor Critical Exp;United States of America;Idaho Falls, ID;HEAVY WATER;0.001;DECOMMISSIONED;1967-05-17T00:00:00
SPR III;United States of America;Las Vegas, NV;FAST BURST;10;PERMANENT SHUTDOWN;1975-08-26T00:00:00
PCA Plasma Core Assembly;United States of America;Los Alamos, NM;CRIT ASSEMBLY;0.1;DECOMMISSIONED;1974-01-01T00:00:00
SHEBA;United States of America;Los Alamos, NM;HOMOG (L);2;PERMANENT SHUTDOWN;1980-09-04T00:00:00
L-47 Atomics International;United States of America;Los Angeles;HOMOG (L);0.005;DECOMMISSIONED;1957-12-01T00:00:00
L-77 Rockwell International;United States of America;Los Angeles;HOMOG (L);0.01;DECOMMISSIONED;1958-05-17T00:00:00
STIR Shield Test and Irradiation Reactor;United States of America;Santa Susana, CA;POOL;1000;DECOMMISSIONED;1964-08-01T00:00:00
OMR Organic Moderated Reactor;United States of America;Simi Valley, CA;CRIT ASSEMBLY;0.001;DECOMMISSIONED;1958-07-01T00:00:00
MCZPR Manhattan College;United States of America;New York, NY;POOL;0.001;DECOMMISSIONED;1964-03-24T00:00:00
KEWB Kinetic Experiment;United States of America;Santa Susana, CA;HOMOG (L);50;DECOMMISSIONED;1956-07-01T00:00:00
BMRC SUNY at Buffalo;United States of America;Buffalo, NY;POOL, PULSTAR;2000;UNDER DECOMMISSIONING;1964-06-22T00:00:00
AGN-201 Texas A&M Univ.;United States of America;College Station, TX;HOMOG (S);0.005;OPERATIONAL;1957-01-01T00:00:00
UC Irvine TRIGA;United States of America;Irvine, CA;TRIGA MARK I;250;OPERATIONAL;1969-11-25T00:00:00
AFRRI TRIGA;United States of America;Bethesda, MD;TRIGA MARK F;1000;OPERATIONAL;1962-01-01T00:00:00
Univ. Arizona TRIGA;United States of America;Tucson, AZ;TRIGA MARK I;100;DECOMMISSIONED;1958-12-06T00:00:00
BRR UC Berkeley;United States of America;Berkeley, CA;TRIGA MARK III;1000;DECOMMISSIONED;1966-08-10T00:00:00
Veterans Affairs RR;United States of America;Omaha, NE;TRIGA MARK I;20;DECOMMISSIONED;1959-06-26T00:00:00
APRFR Army Pulse Radiation;United States of America;Aberdeen, MD;FAST BURST;10;DECOMMISSIONED;1968-01-01T00:00:00
Cintichem Nuclear Reactor;United States of America;Tuxedo, NY;POOL;5000;DECOMMISSIONED;1961-09-08T00:00:00
GSTR US Geological Survey;United States of America;Denver;TRIGA MARK I;1000;OPERATIONAL;1969-02-26T00:00:00
TRIGA Mark II;United States of America;San Diego, CA;TRIGA MARK II;50;DECOMMISSIONED;1959-12-11T00:00:00
RINSC Rhode Island NSC;United States of America;Narragansett, RI;POOL;2000;OPERATIONAL;1964-07-28T00:00:00
AGN-211 Rice Univ.;United States of America;Houston, TX;HOMOG (S);0.005;DECOMMISSIONED;1959-01-01T00:00:00
SPR Stanford Univ.;United States of America;Palo Alto, CA;POOL;10;DECOMMISSIONED;1959-12-01T00:00:00
L-77 Univ. Puerto Rico;United States of America;Mayagüez, Puerto Rico;HOMOG (L);10;DECOMMISSIONED;1959-08-01T00:00:00
TRIGA Puerto Rico Nuclear Center;United States of America;Mayagüez, Puerto Rico;TRIGA CONV;2000;DECOMMISSIONED;1972-01-19T00:00:00
PUR-1 Purdue Univ.;United States of America;West Lafayette, IN;POOL;1;OPERATIONAL;1962-01-01T00:00:00
RRR Reed College;United States of America;Portland, OR;TRIGA MARK I;250;OPERATIONAL;1968-07-02T00:00:00
WRCF Rensselaer Polytechnic;United States of America;Schenectady, NY;CRIT ASSEMBLY;0.1;OPERATIONAL;1956-08-26T00:00:00
PSBR Penn St. Unv.;United States of America;State College, PA;TRIGA MARK CONV;1000;OPERATIONAL;1955-08-15T00:00:00
AGN-201 Polytechnic Inst. of New York;United States of America;New York, NY;HOMOG (S);0.001;DECOMMISSIONED;1968-06-20T00:00:00
TRIGA Cornell Univ;United States of America;Ithaca, NY;TRIGA MARK II;500;DECOMMISSIONED;1962-01-01T00:00:00
ZPR Cornell Zero Power;United States of America;Ithaca, NY;TANK;0.1;DECOMMISSIONED;1962-01-01T00:00:00
AGN-201 Cal Poly State Univ;United States of America;San Luis Obispo, CA;HOMOG (S);0.001;DECOMMISSIONED;1973-01-01T00:00:00
AGN-201 Catholic Univ;United States of America;Washington, D.C.;HOMOG (S);0.001;DECOMMISSIONED;1957-11-20T00:00:00
AGN-201 Oregon State Univ.;United States of America;Corvallis, OR;HOMOG (S);0.001;DECOMMISSIONED;1959-01-28T00:00:00
AGN-201 Tuskegee Inst.;United States of America;Tuskegee, AL;HOMOG (S);0.001;DECOMMISSIONED;1957-01-01T00:00:00
IRL;United States of America;Plainsboro, NJ;POOL;5000;DECOMMISSIONED;1958-12-01T00:00:00
Bettis TRX CA;United States of America;West Mifflin, PA;CRIT ASSEMBLY;0.01;DECOMMISSIONED;1953-01-01T00:00:00
HTTF Critical Assembly;United States of America;West Mifflin, PA;CRIT ASSEMBLY;0.001;DECOMMISSIONED;1959-01-01T00:00:00
GETR General Electric Test Reactor;United States of America;Pleasanton, CA;TANK;50000;PERMANENT SHUTDOWN;1958-12-01T00:00:00
EVESR Superheat Reactor;United States of America;Pleasanton, CA;BWR-PROTOTYPE;17000;UNDER DECOMMISSIONING;1963-07-01T00:00:00
Mixed Spectrum Superheat Crit Assembly;United States of America;Pleasanton, CA;CRIT ASSEMBLY;0.001;DECOMMISSIONED;1957-01-01T00:00:00
AGN-201 Georgia Tech;United States of America;Atlanta, GA;HOMOG (S);0.001;DECOMMISSIONED;1964-12-31T00:00:00
GTRR Georgia Tech;United States of America;Atlanta, GA;TANK;5000;DECOMMISSIONED;1964-12-31T00:00:00
ALRR Ames Laboratory;United States of America;Ames, IA;HEAVY WATER;5000;DECOMMISSIONED;1965-02-01T00:00:00
Super Kukla;United States of America;Las Vegas, NV;PROMPT BURST;0.001;DECOMMISSIONED;1964-01-01T00:00:00
SKUA Fast Burst;United States of America;Las Vegas, NV;FAST BURST;1;PERMANENT SHUTDOWN;1978-01-01T00:00:00
TACS Training Assembly Crit Safety;United States of America;Las Vegas, NV;CRIT ASSEMBLY;0;OPERATIONAL;1979-08-30T00:00:00
Little Eva;United States of America;Las Vegas, NV;CRIT FAST;0;DECOMMISSIONED;1952-01-01T00:00:00
BYU L-77 Brigham Young Univ;United States of America;Provo, UT;HOMOG (L);0.001;DECOMMISSIONED;1967-09-01T00:00:00
KSU TRIGA Mark II;United States of America;Manhattan, KN;TRIGA MARK II;250;OPERATIONAL;1962-10-16T00:00:00
L-77 Univ. Wyoming;United States of America;Laramie, WY;HOMOG (L);0.01;DECOMMISSIONED;1959-02-01T00:00:00
AGN-211 West Virginia Univ.;United States of America;Morgantown, WV;HOMOG (S);0.075;DECOMMISSIONED;1959-01-01T00:00:00
LCWNR Worcester Polytechnic Inst.;United States of America;Worcester, MA;POOL;10;DECOMMISSIONED;1959-12-18T00:00:00
UT TRIGA Univ. Texas;United States of America;Austin, TX;TRIGA MARK I;250;DECOMMISSIONED;1963-01-01T00:00:00
UTR-10  Iowa State Univ.;United States of America;Ames, IA;ARGONAUT;10;DECOMMISSIONED;1959-10-01T00:00:00
TRIGA II Univ. Texas;United States of America;Austin, TX;TRIGA MARK II;1100;OPERATIONAL;1992-03-12T00:00:00
UC Davis/McClellan TRIGA;United States of America;Sacramento, CA;TRIGA MARK II;2000;OPERATIONAL;1990-01-20T00:00:00
BORAX-1;United States of America;Idaho Falls, ID;EXPERIMENTAL;1400;DECOMMISSIONED;1953-07-01T00:00:00
BORAX-5;United States of America;Idaho Falls, ID;EXPERIMENTAL;20000;DECOMMISSIONED;1962-02-09T00:00:00
"BORAX-2;-3;-4";United States of America;Idaho Falls, ID;EXPERIMENTAL;20000;DECOMMISSIONED;1954-10-01T00:00:00
SEFOR Southwest Exp Fast Oxide Rx;United States of America;West Fork, AR;FAST BREEDER;20000;UNDER DECOMMISSIONING;1969-01-01T00:00:00
Allis-Chalmers Critical Facility;United States of America;Milwaukee, WI;CRIT ASSEMBLY;0.001;DECOMMISSIONED;1959-01-01T00:00:00
S5G Submarine Prototype;United States of America;Idaho Falls, ID;PWR PROPULSION;90;PERMANENT SHUTDOWN;1965-09-01T00:00:00
S1W Submarine Prototype;United States of America;Idaho Falls, ID;PWR;70;PERMANENT SHUTDOWN;1953-05-01T00:00:00
EBOR Beryllium Oxide Reactor;United States of America;Idaho Falls, ID;GAS;10000;DECOMMISSIONED;NA
DORF TRIGA Mark F;United States of America;Silver Spring, MD;TRIGA MARK F;250;DECOMMISSIONED;1961-09-01T00:00:00
WRRR L-54 Walter Reed;United States of America;Washington, DC;HOMOG (L);50;DECOMMISSIONED;1962-09-01T00:00:00
FRMZ;Germany;Mainz;TRIGA MARK II;100;OPERATIONAL;1965-08-03T00:00:00
LVR-15 Rež;Czech Republic;Rež;TANK WWR;10000;OPERATIONAL;1957-09-24T00:00:00
BTRR, BAEC TRIGA Research Reactor;Bangladesh;Dhaka;TRIGA MARK II;3000;OPERATIONAL;1986-09-14T00:00:00
TRIGA Mark I Michigan State Univ.;United States of America;East Lansing, MI;TRIGA MARK I;250;DECOMMISSIONED;1969-03-21T00:00:00
MITR-II Masschusetts Inst. of Tech.;United States of America;Boston;TANK;6000;OPERATIONAL;1958-07-21T00:00:00
RRR Raleigh Research Reactor;United States of America;Starkville, MS;HOMOG (L);0.1;DECOMMISSIONED;1953-09-01T00:00:00
Honeycomb;United States of America;Los Alamos, NM;CRIT ASSEMBLY;0.001;DECOMMISSIONED;1956-01-01T00:00:00
MTS-626;United States of America;Charleston, SC;PWR PROPULSION;78000;OPERATIONAL;1963-04-27T00:00:00
MTS-635;United States of America;Charleston, SC;PWR PROPULSION;78000;OPERATIONAL;1964-12-20T00:00:00
Supercomet;United States of America;Los Alamos, NM;CRIT ASSEMBLY;0.5;DECOMMISSIONED;1963-01-01T00:00:00
Dow TRIGA;United States of America;Midland, MI;TRIGA MARK I;300;OPERATIONAL;1967-07-06T00:00:00
AGN-201 Idaho St. Univ.;United States of America;Pocatello, ID;HOMOG (S);0.005;OPERATIONAL;1967-01-01T00:00:00
Topsy;United States of America;Los Alamos, NM;CRIT FAST;0.6;DECOMMISSIONED;1948-10-01T00:00:00
RER Radiation Effects Reactor;United States of America;Dawsonville, GA;POOL;3000;DECOMMISSIONED;1958-01-01T00:00:00
A1W Prototype Reactor;United States of America;Idaho Falls, ID;PWR PROPULSION;0;PERMANENT SHUTDOWN;1958-10-01T00:00:00
APFA-III Accel Pulsed Fast Crit Assem;United States of America;San Diego, CA;CRIT FAST;1;DECOMMISSIONED;1967-01-01T00:00:00
APFA Accelerator Pulsed Fast Crit Assemb;United States of America;San Diego, CA;FAST, PULSED;0.5;DECOMMISSIONED;1961-01-01T00:00:00
RSG-GAS;Indonesia;Serpong;POOL, MTR;30000;OPERATIONAL;1987-07-29T00:00:00
HANARO;Korea, Republic of;Daejeon;POOL;30000;OPERATIONAL;1995-02-08T00:00:00
Toshiba NCA;Japan;Kawasaki;CRIT ASSEMBLY;0.2;TEMPORARY SHUTDOWN;1963-12-11T00:00:00
JRR-4;Japan;Tokai Mura;POOL;3500;UNDER DECOMMISSIONING;1965-01-28T00:00:00
JOYO;Japan;Oarai;FAST, NA COOLED;140000;TEMPORARY SHUTDOWN;1977-04-24T00:00:00
KUR;Japan;Osaka;TANK;5000;OPERATIONAL;1964-06-25T00:00:00
KUCA;Japan;Osaka;CRIT ASSEMBLY;0.1;OPERATIONAL;1974-08-06T00:00:00
HTTR;Japan;Oarai;HIGH TEMP GAS;30000;OPERATIONAL;1998-10-11T00:00:00
Plutonium Recycle Test Reactor;United States of America;Richland, WA;HEAVY WATER;85000;DECOMMISSIONED;1960-01-01T00:00:00
HTLTR High Temp Lattice Test Reactor;United States of America;Richland, WA;GRAPHITE;2;DECOMMISSIONED;1967-11-01T00:00:00
FFTF, Fast Flux Test;United States of America;Richland, WA;FAST, NA COOLED;400000;UNDER DECOMMISSIONING;1980-02-09T00:00:00
NRF, Neutron Rad Facility;United States of America;Richland, WA;TRIGA MARK I;1000;UNDER DECOMMISSIONING;1977-03-01T00:00:00
PNNL-CML Critical Mass Lab;United States of America;Richland, WA;HOMOG (L);0;DECOMMISSIONED;1961-01-01T00:00:00
PRCF Plutonium Recycle Critical;United States of America;Richland, WA;CRIT ASSEMBLY;10;DECOMMISSIONED;1962-01-01T00:00:00
HTR Hanford Test Reactor;United States of America;Richland, WA;GRAPHITE;0.03;DECOMMISSIONED;1945-02-01T00:00:00
PCTR Physical Constants Test Reactor;United States of America;Richland, WA;GRAPHITE;0.01;DECOMMISSIONED;1955-10-01T00:00:00
ZPR-II NASA;United States of America;Cleveland, OH;HOMOG (L);0.1;DECOMMISSIONED;1963-12-01T00:00:00
NRR Naval Research Reactor;United States of America;Washington, DC;POOL;1000;DECOMMISSIONED;1956-01-01T00:00:00
ZPR-I NASA;United States of America;Cleveland, OH;HOMOG (L);0.1;DECOMMISSIONED;1959-01-01T00:00:00
WTR Westinghouse Test Reactor;United States of America;New Stanton, PA;TANK;20000;DECOMMISSIONED;1959-07-01T00:00:00
WNTR Westinghouse Nuclear Training;United States of America;Zion, IL;TANK;10;DECOMMISSIONED;1972-01-01T00:00:00
Westinghouse PAX Assembly;United States of America;New Stanton, PA;CRIT ASSEMBLY;1000;DECOMMISSIONED;1965-10-01T00:00:00
Westinghouse FCX Assembly;United States of America;New Stanton, PA;CRIT ASSEMBLY;1000;DECOMMISSIONED;1966-04-20T00:00:00
TR, Tank Reservoir;United States of America;Golden, CO;CRIT ASSEMBLY;0.001;DECOMMISSIONED;1965-01-01T00:00:00
ZPPR Zero Power Physics Reactor;United States of America;Idaho Falls, ID;CRIT FAST;1;DECOMMISSIONED;1969-04-18T00:00:00
Janus;United States of America;Lemont, IL;TANK;200;DECOMMISSIONED;1964-08-03T00:00:00
EBR-I;United States of America;Idaho Falls, ID;FAST BREEDER;1200;DECOMMISSIONED;1951-08-01T00:00:00
EBR-II;United States of America;Idaho Falls, ID;FAST BREEDER;62500;DECOMMISSIONED;1961-09-30T00:00:00
UTR Test Reactor;United States of America;Mountain View, CA;ARGONAUT;0.015;DECOMMISSIONED;1961-12-01T00:00:00
GTR Ground Test Reactor;United States of America;Fort Worth, TX;POOL;10000;DECOMMISSIONED;1953-01-01T00:00:00
R-1;Sweden;Stockholm;POOL;600;DECOMMISSIONED;1954-07-13T00:00:00
HFBR;United States of America;Upton, NY;HEAVY WATER;30000;UNDER DECOMMISSIONING;1965-10-31T00:00:00
LITR Low Intensity Test;United States of America;Oak Ridge, TN;TANK;3000;PERMANENT SHUTDOWN;1950-02-01T00:00:00
Dhruva;India;Mumbai;HEAVY WATER;100000;OPERATIONAL;1985-08-08T00:00:00
CIRUS;India;Mumbai;HEAVY WATER;40000;PERMANENT SHUTDOWN;1960-07-10T00:00:00
Tungsten Nuclear Rocket;United States of America;San Diego, CA;CRIT ASSEMBLY;0.05;DECOMMISSIONED;1965-06-01T00:00:00
Thermionic Critical Experiment;United States of America;San Diego, CA;CRIT ASSEMBLY;0.2;DECOMMISSIONED;1968-05-10T00:00:00
EBOR Critical Experiment;United States of America;San Diego;CRIT ASSEMBLY;0.001;DECOMMISSIONED;1960-01-01T00:00:00
TRIGA II Pitesti - SS Core;Romania;Pitesti;TRIGA DUAL CORE;14000;OPERATIONAL;1980-02-02T00:00:00
Nuclear Chicago Mod 9000;Mexico;Mexico City;SUBCRIT;0;OPERATIONAL;1969-01-01T00:00:00
Chicago Modelo 9000;Mexico;Zacatecas;SUBCRIT;0;EXTENDED SHUTDOWN;1969-05-14T00:00:00
TRR-1/M1;Thailand;Bangkok;TRIGA MARK III;1300;OPERATIONAL;1977-11-07T00:00:00
Battelle Plastic Reactor Facility;United States of America;Columbus, OH;CRIT ASSEMBLY;0.2;DECOMMISSIONED;1961-05-01T00:00:00
Battelle Variable Moderator CA;United States of America;Columbus, OH;CRIT ASSEMBLY;0.02;DECOMMISSIONED;1960-01-01T00:00:00
Battelle GCRE CA;United States of America;Columbus, OH;CRIT ASSEMBLY;0.01;DECOMMISSIONED;1958-10-01T00:00:00
Batttelle Reflector Control CA;United States of America;Columbus, OH;CRIT ASSEMBLY;0.01;DECOMMISSIONED;1957-06-03T00:00:00
CX-19 Babcock & Wilcox;United States of America;Lynchburg, VA;CRIT ASSEMBLY;1;DECOMMISSIONED;1958-01-22T00:00:00
CX-12 Babcock & Wilcox;United States of America;Lynchburg, VA;CRIT ASSEMBLY;1;DECOMMISSIONED;1958-09-26T00:00:00
LPR Lynchburg Pool Reactor;United States of America;Lynchburg, VA;POOL;1000;DECOMMISSIONED;1958-09-19T00:00:00
BRR Battelle Research Reactor;United States of America;Columbus, OH;POOL;2000;DECOMMISSIONED;1956-10-01T00:00:00
CX-10 Babcock & Wilcox;United States of America;Lynchburg, VA;CRIT ASSEMBLY;1;DECOMMISSIONED;1958-01-27T00:00:00
MPR Zero Power Test;United States of America;Baltimore;CRIT ASSEMBLY;0.01;DECOMMISSIONED;1957-12-01T00:00:00
LFBR Liquid Fluidized Bed;United States of America;Baltimore;CRIT ASSEMBLY;0.01;DECOMMISSIONED;NA
TTR-2 Thermal Test Reactor;United States of America;Richland, WA;GRAPHITE PILE;1;DECOMMISSIONED;1958-01-01T00:00:00
AMRR Army Material Research Reactor;United States of America;Watertown, MA;POOL;5000;DECOMMISSIONED;1960-06-15T00:00:00
ZPR-9 Argonne;United States of America;Lemont, IL;CRIT FAST;0.001;DECOMMISSIONED;1964-01-01T00:00:00
ARR (L-8) Armour Foundation;United States of America;Chicago, IL;HOMOG (L);100;DECOMMISSIONED;1956-06-28T00:00:00
LAMPRE I;United States of America;Los Alamos, NM;HOMOG PUL;1000;DECOMMISSIONED;1961-02-01T00:00:00
LAPRE II;United States of America;Los Alamos, NM;HOMOG (L);800;DECOMMISSIONED;1959-02-01T00:00:00
LOPO Low Power Boiler;United States of America;Los Alamos, NM;HOMOG (L);0.001;DECOMMISSIONED;1944-05-09T00:00:00
SNAP 10 F-3;United States of America;Simi Valley, CA;SPACE TEST;44;DECOMMISSIONED;1965-01-22T00:00:00
SNAP CA-5;United States of America;Simi Valley, CA;CRIT ASSEMBLY;0.1;DECOMMISSIONED;1964-10-29T00:00:00
SNAP TSF;United States of America;Oak Ridge, TN;SPACE TEST;10;DECOMMISSIONED;1967-04-07T00:00:00
SNAP 8 Experimental Reactor;United States of America;Simi Valley, CA;SPACE TEST;600;DECOMMISSIONED;1963-04-01T00:00:00
SNAP 8 Demonstration Reactor;United States of America;Simi Valley, CA;SPACE TEST;619;DECOMMISSIONED;1969-01-01T00:00:00
SNAP CA-4B;United States of America;Simi Valley, CA;CRIT ASSEMBLY;0.1;DECOMMISSIONED;1962-02-15T00:00:00
SNAP CA-4A;United States of America;Simi Valley, CA;CRIT ASSEMBLY;0.1;DECOMMISSIONED;1962-01-01T00:00:00
SNAP CA-4C;United States of America;Simi Valley, CA;CRIT ASSEMBLY;0.1;DECOMMISSIONED;1962-04-16T00:00:00
SNAP Experimental Reactor;United States of America;Simi Valley, CA;SPACE TEST;50;DECOMMISSIONED;1959-09-01T00:00:00
SNAP 2 Demonstration Reactor;United States of America;Simi Valley, CA;SPACE TEST;65;DECOMMISSIONED;1961-04-03T00:00:00
SGR CA Sodium Graphite;United States of America;Simi Valley, CA;CRIT ASSEMBLY;0.001;DECOMMISSIONED;1957-04-25T00:00:00
ISSA Inherently Safe Subcrit;United States of America;Livermore, CA;SUBCRIT;0;OPERATIONAL;2012-09-13T00:00:00
KARTINI-PSTA;Indonesia;Yogyakarta;TRIGA MARK II;100;OPERATIONAL;1979-01-25T00:00:00
PARR-2;Pakistan;Islamabad;MNSR;30;OPERATIONAL;1989-11-02T00:00:00
Lockheed Critical Experiment Reactor;United States of America;Dawsonville, GA;CRIT ASSEMBLY;0.08;DECOMMISSIONED;1958-06-09T00:00:00
Dalat Research Reactor;Viet Nam;Dalat;POOL;500;OPERATIONAL;1963-02-26T00:00:00
TR-2, Turkish Reactor 2;Türkiye;Istanbul;POOL;5000;EXTENDED SHUTDOWN;1981-12-10T00:00:00
JRTR;Jordan;Amman;TANK IN POOL;5000;OPERATIONAL;2016-04-25T00:00:00
NTU;Greece;Athens;SUBCRIT;0.1;PERMANENT SHUTDOWN;1970-10-10T00:00:00
MARF;United States of America;Ballston Spa, NY;PRESSURIZED;0;OPERATIONAL;1976-01-01T00:00:00
S8G Submarine Prototype;United States of America;Ballston Spa, NY;PWR PROPULSION;0;OPERATIONAL;1979-01-01T00:00:00
S3G Submarine Prototype;United States of America;Ballston Spa, NY;PWR PROPULSION;0;DECOMMISSIONED;1958-01-01T00:00:00
NTG Nuclear Test Gage;United States of America;Aiken, SC;SUBCRIT;0.001;PERMANENT SHUTDOWN;1958-11-01T00:00:00
HWCTR;United States of America;Aiken, SC;HEAVY WATER;61000;DECOMMISSIONED;1962-03-01T00:00:00
ACRR Annular Core RR;United States of America;Albuquerque, NM;TRIGA MODIFIED;2400;OPERATIONAL;1967-06-01T00:00:00
WSUR Washington State Univ.;United States of America;Pullman, WA;TRIGA CONV;1000;OPERATIONAL;1961-03-07T00:00:00
UTR-10 VPI Virginia Tech;United States of America;Blacksburg, VA;ARGONAUT;100;DECOMMISSIONED;1959-12-01T00:00:00
BONUS Mockup Experiment;United States of America;Windsor, CT;CRIT ASSEMBLY;0.001;DECOMMISSIONED;1960-08-05T00:00:00
NUSU Advanced Critical Experiment;United States of America;Windsor, CT;CRIT ASSEMBLY;0.001;DECOMMISSIONED;1960-01-25T00:00:00
CANEL Critical Assembly;United States of America;Middletown, CT;CRIT ASSEMBLY;0.001;DECOMMISSIONED;1957-01-01T00:00:00
ZPR-3 Argonne;United States of America;Idaho Falls, ID;CRIT FAST;0.001;DECOMMISSIONED;1955-10-01T00:00:00
CX-1 Babcock & Wilcox;United States of America;Lynchburg, VA;CRIT ASSEMBLY;1;DECOMMISSIONED;1957-03-20T00:00:00
SRR-1;Syrian Arab Republic;Damascus;MNSR;30;OPERATIONAL;1996-03-04T00:00:00
IKAR-S;Russian Federation;Sarov;CRIT GRAPHITE;0.1;OPERATIONAL;2008-12-01T00:00:00
BIGR;Russian Federation;Sarov;FAST, PULSED;500;OPERATIONAL;1977-03-31T00:00:00
GIR-2;Russian Federation;Sarov;FAST, PULSED;1;OPERATIONAL;1993-04-12T00:00:00
FKBN-2;Russian Federation;Snezhinsk;CRIT FAST;0.1;OPERATIONAL;2000-01-01T00:00:00
FKBN-2M;Russian Federation;Sarov;CRIT FAST;0;OPERATIONAL;2001-03-02T00:00:00
TRIGA Mark II, Bandung;Indonesia;Bandung;TRIGA MARK II;2000;OPERATIONAL;1964-10-19T00:00:00
TRIGA II Pitesti - Pulsed;Romania;Pitesti;TRIGA DUAL CORE;500;OPERATIONAL;1980-02-02T00:00:00
Flattop;United States of America;Las Vegas, NV;CRIT ASSEMBLY;0.1;OPERATIONAL;1957-01-01T00:00:00
HFR;Netherlands, Kingdom of the;Petten;TANK IN POOL;45000;OPERATIONAL;1961-11-09T00:00:00
BR-2;Belgium;Mol;TANK IN POOL;100000;OPERATIONAL;1961-06-29T00:00:00
CROCUS;Switzerland;Lausanne;CRIT ASSEMBLY;0.1;OPERATIONAL;1983-07-13T00:00:00
ARRR;United States of America;San Ramon, CA;TRIGA CONV;250;OPERATIONAL;1964-07-09T00:00:00
Osiris;France;Gif-sur-Yvette;POOL;70000;UNDER DECOMMISSIONING;1966-09-08T00:00:00
710 Fast Spectrum Refractory Metals;United States of America;Idaho Falls, ID;CRIT FAST;0.001;DECOMMISSIONED;1962-03-01T00:00:00
630-A Marine Propulsion;United States of America;Idaho Falls, ID;AIR COOLED;0.001;DECOMMISSIONED;1962-11-15T00:00:00
STR Split Table Reactor System;United States of America;Idaho Falls, ID;CRIT FAST;1;DECOMMISSIONED;1971-06-01T00:00:00
OPAL;Australia;Sydney;POOL;20000;OPERATIONAL;2006-08-12T00:00:00
UHTREX Ultra-High Temperature Experiment;United States of America;Los Alamos, NM;GAS;3000;DECOMMISSIONED;1969-02-01T00:00:00
HPRR Health Physics Research;United States of America;Oak Ridge, TN;PULSING;10;PERMANENT SHUTDOWN;1963-05-31T00:00:00
UVAR Univ. Virginia;United States of America;Charlottesville, VA;POOL;2000;DECOMMISSIONED;1960-06-01T00:00:00
UWNR Univ. Wisconsin;United States of America;Madison, WI;TRIGA CONV;1000;OPERATIONAL;1961-03-26T00:00:00
UWNR Univ. Washington;United States of America;Seattle;ARGONAUT;100;DECOMMISSIONED;1961-04-01T00:00:00
CAVALIER Univ. Virginia;United States of America;Charlottesville, VA;POOL;0.1;DECOMMISSIONED;1974-10-01T00:00:00
TRIGA Univ. Utah;United States of America;Salt Lake City, UT;TRIGA MARK I;100;OPERATIONAL;1975-10-25T00:00:00
AGN-201 Univ. Utah;United States of America;Salt Lake City, UT;HOMOG (S);0.005;DECOMMISSIONED;1957-09-01T00:00:00
AGN-211 Univ. Oklahoma;United States of America;Norman, OK;HOMOG (S);0.1;DECOMMISSIONED;1959-02-23T00:00:00
MSTR Missouri Univ. of Science & Tech.;United States of America;Rolla, MO;POOL, MTR;200;OPERATIONAL;1961-12-11T00:00:00
Ford Nuclear Reactor Univ. Michigan;United States of America;Ann Arbor, MI;POOL;2000;DECOMMISSIONED;1957-09-18T00:00:00
KUTR Univ. Kansas;United States of America;Lawrence, KS;POOL;250;DECOMMISSIONED;1961-06-23T00:00:00
UMLR Univ. Mass. Lowell;United States of America;Lowell, MA;POOL;1000;OPERATIONAL;1975-01-02T00:00:00
LOPRA Univ. Illinois;United States of America;Urbana, IL;TRIGA;10;DECOMMISSIONED;1971-12-28T00:00:00
AGN-201 Univ. Delaware;United States of America;Newark, DE;HOMOG (S);0.005;DECOMMISSIONED;1958-07-01T00:00:00
L-77 UCSB;United States of America;Santa Barbara, CA;HOMOG (L);0.01;DECOMMISSIONED;1975-03-01T00:00:00
UCLA R1;United States of America;Los Angeles;ARGONAUT;100;DECOMMISSIONED;1960-10-01T00:00:00
LTR Lattice Test;United States of America;Aiken, SC;HEAVY WATER;0.5;DECOMMISSIONED;1967-01-27T00:00:00
SPR II Sandia Pulsed;United States of America;Albuquerque, NM;FAST BURST;5;DECOMMISSIONED;1967-03-13T00:00:00
SER Sandia Engineering;United States of America;Albuquerque, NM;TANK;5000;DECOMMISSIONED;1962-10-01T00:00:00
VST Vertical Split Table;United States of America;Golden, CO;CRIT ASSEMBLY;0.001;DECOMMISSIONED;1965-01-01T00:00:00
SS, Solution System;United States of America;Golden, CO;CRIT ASSEMBLY;0.001;DECOMMISSIONED;1965-01-01T00:00:00
HST Horizontal Split Table;United States of America;Golden, CO;CRIT ASSEMBLY;0.001;DECOMMISSIONED;1965-01-01T00:00:00
X-10 Pile, Oak Ridge Graphite;United States of America;Oak Ridge, TN;GRAPHITE;3800;DECOMMISSIONED;1943-11-04T00:00:00
HFIR;United States of America;Oak Ridge, TN;TANK;85000;OPERATIONAL;1965-08-01T00:00:00
BSR Bulk Shielding Reactor;United States of America;Oak Ridge, TN;POOL;2000;PERMANENT SHUTDOWN;1950-12-17T00:00:00
European-Asian Exhibit Program Reactor;United States of America;Oak Ridge, TN;POOL;10;DECOMMISSIONED;1963-06-03T00:00:00
TRIGA Mark F, Northrop;United States of America;Hawthorne, CA;TRIGA MARK F;1000;DECOMMISSIONED;1963-01-01T00:00:00
R-3 North Carolina State Univ.;United States of America;Raleigh;POOL;10;DECOMMISSIONED;1960-10-10T00:00:00
PULSTAR North Carolina State Univ.;United States of America;Raleigh;POOL, PULSTAR;1000;OPERATIONAL;1972-01-01T00:00:00
PBR Plum Brook Reactor;United States of America;Sandusky, OH;TANK;60000;DECOMMISSIONED;1961-01-01T00:00:00
PBMUR Plum Brook Mockup Reactor;United States of America;Sandusky, OH;POOL;100;DECOMMISSIONED;1963-01-01T00:00:00
OWR Omega West Reactor;United States of America;Los Alamos, NM;TANK;8000;DECOMMISSIONED;1956-06-29T00:00:00
SUPO Super High Power Reactor;United States of America;Los Alamos, NM;HOMOG (L);35;DECOMMISSIONED;1951-03-01T00:00:00
HYPO High Power Reactor;United States of America;Los Alamos, NM;HOMOG (L);5.5;DECOMMISSIONED;1944-12-01T00:00:00
Hydro;United States of America;Los Alamos, NM;CRIT ASSEMBLY;10;DECOMMISSIONED;1956-01-01T00:00:00
Kiwi-TNT;United States of America;Las Vegas, NV;SPACE TEST;937000;DECOMMISSIONED;1965-01-01T00:00:00
Kinglet;United States of America;Los Alamos, NM;HOMOG (L);2000;DECOMMISSIONED;1972-01-01T00:00:00
Jezebel;United States of America;Los Alamos, NM;CRIT ASSEMBLY;0.001;DECOMMISSIONED;1954-01-01T00:00:00
Comet;United States of America;Las Vegas, NV;CRIT ASSEMBLY;0.5;OPERATIONAL;1952-01-01T00:00:00
Godiva IV;United States of America;Las Vegas, NV;CRIT ASSEMBLY;1;OPERATIONAL;1967-01-01T00:00:00
Parka;United States of America;Los Alamos, NM;CRIT ASSEMBLY;0.001;DECOMMISSIONED;1962-11-30T00:00:00
Big Ten;United States of America;Los Alamos, NM;CRIT FAST;5;DECOMMISSIONED;1971-04-01T00:00:00
Fran;United States of America;Los Alamos, NM;PROMPT BURST;0.001;DECOMMISSIONED;1962-09-01T00:00:00
LIWB Livermore Water Boiler;United States of America;Livermore, CA;HOMOG (L);0.5;DECOMMISSIONED;1953-11-05T00:00:00
LPTR Livermore Pool;United States of America;Livermore, CA;TANK;3000;DECOMMISSIONED;1957-12-13T00:00:00
SPERT-4 Special Power Excursion Test;United States of America;Idaho Falls, ID;POOL;1000;DECOMMISSIONED;1962-07-24T00:00:00
SPERT-3 Special Power Excursion Test;United States of America;Idaho Falls, ID;POOL;60000;DECOMMISSIONED;1958-12-19T00:00:00
SPERT-2 Special Power Excursion Test;United States of America;Idaho Falls, ID;POOL;0.001;DECOMMISSIONED;1960-03-11T00:00:00
SPERT-1 Special Power Excursion Test;United States of America;Idaho Falls, ID;TANK;0.001;DECOMMISSIONED;1955-07-01T00:00:00
SNAPTRAN-3;United States of America;Idaho Falls, ID;ZRH, H2O COOLED;0.001;DECOMMISSIONED;1964-04-01T00:00:00
SNAPTRAN-2;United States of America;Idaho Falls, ID;ZRH, BE REFLECT;0.7;DECOMMISSIONED;1965-01-01T00:00:00
SNAPTRAN-1;United States of America;Simi Valley, CA;ZRH, BE REFLECT;0.04;DECOMMISSIONED;1963-01-01T00:00:00
PBF Power Burst Facility;United States of America;Idaho Falls, ID;TANK;28000;DECOMMISSIONED;1972-09-22T00:00:00
OMRE Organic Moderated Reactor Experimen;United States of America;Idaho Falls, ID;ORGANIC MODER;12000;DECOMMISSIONED;1957-09-01T00:00:00
LOFT Loss of Fluid Test;United States of America;Idaho Falls, ID;TANK;50000;DECOMMISSIONED;1978-02-05T00:00:00
HOTCE;United States of America;Idaho Falls, ID;CRIT ASSEMBLY;0.1;DECOMMISSIONED;1958-01-01T00:00:00
HTRE-3;United States of America;Idaho Falls, ID;AIR COOLED;32000;DECOMMISSIONED;1958-01-01T00:00:00
HTRE-2;United States of America;Idaho Falls, ID;AIR COOLED;14000;DECOMMISSIONED;1957-07-01T00:00:00
HTRE-1;United States of America;Idaho Falls, ID;AIR COOLED;20000;DECOMMISSIONED;1955-11-04T00:00:00
GCRE, Gas Cooled Reactor Experiment;United States of America;Idaho Falls, ID;GAS;2200;DECOMMISSIONED;1960-02-10T00:00:00
ETRC;United States of America;Idaho Falls, ID;TANK;50;DECOMMISSIONED;1957-01-01T00:00:00
ETR Engineering Test Reactor;United States of America;Idaho Falls, ID;TANK;175000;DECOMMISSIONED;1957-09-02T00:00:00
CFRMF Couple Fast Reactivity Measurement;United States of America;Idaho Falls, ID;POOL;100;DECOMMISSIONED;1962-12-04T00:00:00
ATRC;United States of America;Idaho Falls, ID;POOL;5;OPERATIONAL;1964-05-19T00:00:00
ARMF-I Advanced Reactivity Measurement;United States of America;Idaho Falls, ID;POOL;100;DECOMMISSIONED;1960-10-10T00:00:00
NTR General Electric;United States of America;Pleasanton, CA;GRAPHITE;100;OPERATIONAL;1957-11-15T00:00:00
S1C Prototype;United States of America;Windsor, CT;PWR PROPULSION;0;DECOMMISSIONED;1959-01-01T00:00:00
GA-TRIGA III;United States of America;San Diego, CA;TRIGA MARK III;2000;DECOMMISSIONED;1966-01-01T00:00:00
ASTR Aerospace Systems Test;United States of America;Fort Worth, TX;TANK;10000;DECOMMISSIONED;1954-11-17T00:00:00
BGRR Brookhaven Graphite RR;United States of America;Upton, NY;GRAPHITE;20000;DECOMMISSIONED;1950-08-01T00:00:00
EBWR;United States of America;Lemont, IL;BWR;100000;DECOMMISSIONED;1956-12-03T00:00:00
CP-5 Chicago Pile;United States of America;Lemont, IL;HEAVY WATER;5000;DECOMMISSIONED;1954-02-01T00:00:00
CP-3 Chicago Pile 3;United States of America;Lemont, IL;HEAVY WATER;300;DECOMMISSIONED;1944-05-01T00:00:00
CP-2 Chicago Pile 2;United States of America;Lemont, IL;GRAPHITE PILE;2;DECOMMISSIONED;1943-01-01T00:00:00
SDR SLOWPOKE Demo Reactor;Canada;Pinawa, MB;HEATING PROT;2000;DECOMMISSIONED;1987-07-15T00:00:00
THAR;Taiwan, China;Hsinchu City;ARGONAUT;10;DECOMMISSIONED;1974-04-20T00:00:00
Juggernaut;United States of America;Lemont, IL;ARGONAUT;250;DECOMMISSIONED;1962-01-11T00:00:00
AGN-201 Memphis St. Univ.;United States of America;Memphis, TN;HOMOG (S);0.001;DECOMMISSIONED;1977-01-01T00:00:00
ZPR-6 Argonne;United States of America;Lemont, IL;CRIT ASSEMBLY;0.001;DECOMMISSIONED;1963-07-01T00:00:00
ATSR Argonne Thermal Source;United States of America;Lemont, IL;POOL;10;DECOMMISSIONED;1960-01-01T00:00:00
TTR-1 Thermal Test;United States of America;Schenectady, NY;GRAPHITE;10;DECOMMISSIONED;1951-01-01T00:00:00
SNARE Sandia Nuclear Assembly;United States of America;Baton Rouge, LA;POOL;2;DECOMMISSIONED;1951-01-01T00:00:00
Saxton Experimental Reactor;United States of America;Saxton, PA;PWR POWER;28000;DECOMMISSIONED;1962-04-12T00:00:00
SM-1 Stationary Medium Power;United States of America;Mount Vernon, VA;PWR POWER;10000;UNDER DECOMMISSIONING;1957-04-08T00:00:00
RMF Reactivity Measurement Facility;United States of America;Idaho Falls, ID;POOL;0.1;DECOMMISSIONED;1954-02-01T00:00:00
SCRCE Spherical Cavity Experiment;United States of America;Idaho Falls, ID;HEAVY WATER;0.001;DECOMMISSIONED;1969-12-10T00:00:00
Phoebus;United States of America;Las Vegas, NV;SPACE TEST;3500000;DECOMMISSIONED;1965-06-25T00:00:00
Pewee;United States of America;Las Vegas, NV;SPACE TEST;507000;DECOMMISSIONED;1968-11-15T00:00:00
Curtiss-Wright RR;United States of America;Clearfield, PA;POOL;3000;DECOMMISSIONED;1958-04-29T00:00:00
NF-1 Nuclear Furnace;United States of America;Las Vegas, NV;SPACE TEST;44000;DECOMMISSIONED;1972-06-29T00:00:00
BAWTR Babcock & Wilcox Test Reactor;United States of America;Lynchburg, VA;POOL;6000;DECOMMISSIONED;1964-01-01T00:00:00
MSRE Molten Salt Reactor Experiment;United States of America;Oak Ridge, TN;HOMOG (L);7400;UNDER DECOMMISSIONING;1965-06-01T00:00:00
Latin American Demo Reactor;United States of America;Oak Ridge, TN;POOL;10;DECOMMISSIONED;1969-10-01T00:00:00
RU-1;Uruguay;Montevideo;POOL;10;DECOMMISSIONED;1978-04-20T00:00:00
HTMPR;United States of America;Idaho Falls, ID;CRIT ASSEMBLY;0.001;DECOMMISSIONED;1962-11-15T00:00:00
HRT Homogeneous Reactor Test;United States of America;Oak Ridge, TN;HOMOG (L);5000;DECOMMISSIONED;1957-12-27T00:00:00
HRE-1 Homogeneous Reactor Experiment;United States of America;Oak Ridge, TN;HOMOG (L);1000;DECOMMISSIONED;1952-04-15T00:00:00
HMRFSR;United States of America;Simi Valley, CA;CRIT FAST;0.2;DECOMMISSIONED;1970-01-01T00:00:00
Budapest Research Reactor;Hungary;Budapest;TANK WWR;10000;OPERATIONAL;1959-03-25T00:00:00
Nuclear Training Reactor;Hungary;Budapest;POOL;100;OPERATIONAL;1971-05-22T00:00:00
Argonauta;Brazil;Rio De Janeiro;ARGONAUT;0.2;OPERATIONAL;1965-02-20T00:00:00
HTGR Critical Assembly;United States of America;San Diego, CA;CRIT GRAPHITE;0.5;DECOMMISSIONED;1959-01-01T00:00:00
ARE Aircraft Reactor Experiment;United States of America;Oak Ridge, TN;CHANNEL TYPE;2500;DECOMMISSIONED;1954-11-03T00:00:00
IRT-2000;Russian Federation;Moscow;TANK;2000;DECOMMISSIONED;1957-11-23T00:00:00
BR-1M;Russian Federation;Sarov;FAST, PULSED;5;OPERATIONAL;1979-01-01T00:00:00
BR-K1;Russian Federation;Sarov;FAST, PULSED;10;OPERATIONAL;1995-11-30T00:00:00
IVV-2M;Russian Federation;Zarechniy;POOL;15000;OPERATIONAL;1966-04-23T00:00:00
MBIR;Russian Federation;Dimitrovgrad;FAST, POWER;150000;UNDER CONSTRUCTION;NA
Stend T-2;Russian Federation;Obninsk;SPACE TEST;0.002;DECOMMISSIONED;1970-01-01T00:00:00
VRL-03;Russian Federation;Moscow;POOL;100;DECOMMISSIONED;1961-01-01T00:00:00
VRL-02;Russian Federation;Moscow;POOL;100;DECOMMISSIONED;1959-01-01T00:00:00
S111;Russian Federation;Moscow;CRIT ASSEMBLY;0;DECOMMISSIONED;NA
1120;Russian Federation;Nizhny Novgorod;CRIT ASSEMBLY;0;DECOMMISSIONED;1975-01-01T00:00:00
MER;Russian Federation;St. Petersburg;CRIT ASSEMBLY;0.2;PERMANENT SHUTDOWN;1970-01-01T00:00:00
G-1;Russian Federation;St. Petersburg;CRIT ASSEMBLY;0.2;PERMANENT SHUTDOWN;1964-01-01T00:00:00
FM SM-3;Russian Federation;Dimitrovgrad;CRIT ASSEMBLY;0.02;OPERATIONAL;1970-01-01T00:00:00
FM MIR.M1;Russian Federation;Dimitrovgrad;CRIT ASSEMBLY;0.005;OPERATIONAL;1966-10-30T00:00:00
Narciss-M2;Russian Federation;Moscow;CRIT ASSEMBLY;0.01;OPERATIONAL;1983-08-23T00:00:00
SK Physical;Russian Federation;Moscow;CRIT ASSEMBLY;0.6;OPERATIONAL;2000-04-18T00:00:00
Efir-2M;Russian Federation;Moscow;CRIT ASSEMBLY;0.1;OPERATIONAL;1973-01-01T00:00:00
Delta;Russian Federation;Moscow;CRIT ASSEMBLY;0.1;OPERATIONAL;1985-04-24T00:00:00
P;Russian Federation;Moscow;CRIT ASSEMBLY;0.2;OPERATIONAL;1987-07-17T00:00:00
FM MR;Russian Federation;Moscow;CRIT ASSEMBLY;0.1;DECOMMISSIONED;1971-01-01T00:00:00
Grog;Russian Federation;Moscow;CRIT ASSEMBLY;0.1;PERMANENT SHUTDOWN;1981-01-01T00:00:00
B-1000;Russian Federation;Moscow;CRIT ASSEMBLY;0.2;OPERATIONAL;1986-09-03T00:00:00
Kvant;Russian Federation;Moscow;CRIT ASSEMBLY;1;OPERATIONAL;1990-01-01T00:00:00
Astra;Russian Federation;Moscow;CRIT ASSEMBLY;0.1;OPERATIONAL;1981-08-05T00:00:00
SF-7;Russian Federation;Moscow;CRIT ASSEMBLY;0.1;DECOMMISSIONED;1975-03-12T00:00:00
SF-3;Russian Federation;Moscow;CRIT ASSEMBLY;0.1;DECOMMISSIONED;1979-01-01T00:00:00
SF-5;Russian Federation;Moscow;CRIT ASSEMBLY;0.1;DECOMMISSIONED;1972-01-01T00:00:00
SF-1;Russian Federation;Moscow;CRIT ASSEMBLY;0.1;DECOMMISSIONED;1972-05-19T00:00:00
Mayak;Russian Federation;Moscow;CRIT ASSEMBLY;0.01;DECOMMISSIONED;1967-01-01T00:00:00
RBMK;Russian Federation;Moscow;CRIT ASSEMBLY;0.025;OPERATIONAL;1982-01-06T00:00:00
UG;Russian Federation;Moscow;CRIT ASSEMBLY;0.1;PERMANENT SHUTDOWN;1965-12-18T00:00:00
MATR-2;Russian Federation;Obninsk;CRIT ASSEMBLY;0.4;UNDER DECOMMISSIONING;1963-08-02T00:00:00
FS-1M;Russian Federation;Obninsk;CRIT ASSEMBLY;0.2;DECOMMISSIONED;1970-03-03T00:00:00
MAKET;Russian Federation;Moscow;CRIT ASSEMBLY;0.1;OPERATIONAL;1976-12-30T00:00:00
Argus-2;Russian Federation;Moscow;HOMOG (L);50;DECOMMISSIONED;NA
U-3;Russian Federation;St. Petersburg;POOL;50;OPERATIONAL;1964-12-13T00:00:00
Arbus (AST-1);Russian Federation;Dimitrovgrad;TANK;12000;DECOMMISSIONED;1963-01-01T00:00:00
VK-50;Russian Federation;Dimitrovgrad;BWR-PROTOTYPE;200000;OPERATIONAL;1964-12-15T00:00:00
Gamma;Russian Federation;Moscow;TANK;150;UNDER DECOMMISSIONING;1981-12-30T00:00:00
FBR-L Fast Burst-Laser;Russian Federation;Chelyabinsk;FAST BURST;5;OPERATIONAL;1981-03-31T00:00:00
YAGUAR (NHUAR);Russian Federation;Chelyabinsk;HOMOG PUL;4;OPERATIONAL;1988-12-31T00:00:00
IGRIK, Pulsed Homog;Russian Federation;Chelyabinsk;HOMOG;30;OPERATIONAL;1975-03-15T00:00:00
BARS-5 (FNRS);Russian Federation;Snezhinsk;FAST BURST;10;OPERATIONAL;1986-01-01T00:00:00
RG-1M;Russian Federation;Norilsk;POOL;100;DECOMMISSIONED;1970-04-15T00:00:00
BOR-60;Russian Federation;Dimitrovgrad;FAST BREEDER;60000;OPERATIONAL;1968-12-30T00:00:00
F-1;Russian Federation;Moscow;GRAPHITE PILE;24;PERMANENT SHUTDOWN;1946-12-25T00:00:00
RBT-6;Russian Federation;Dimitrovgrad;POOL;6000;OPERATIONAL;1975-09-24T00:00:00
RBT-10/2;Russian Federation;Dimitrovgrad;POOL;7000;OPERATIONAL;1983-11-24T00:00:00
Romashka;Russian Federation;Moscow;SPACE TEST;40;DECOMMISSIONED;1964-08-01T00:00:00
MR;Russian Federation;Moscow;TANK;50000;UNDER DECOMMISSIONING;1963-12-01T00:00:00
WWR-M Kiev;Ukraine;Kiev;TANK WWR;10000;OPERATIONAL;1960-12-02T00:00:00
SBR-2;Russian Federation;Obninsk;FAST, HG COOLED;150;DECOMMISSIONED;1957-03-01T00:00:00
RPT;Russian Federation;Moscow;GRAPHITE;20000;DECOMMISSIONED;1952-04-01T00:00:00
OR-M;Russian Federation;Moscow;TANK WWR;300;OPERATIONAL;1988-05-20T00:00:00
TVR;Russian Federation;Moscow;TANK;2500;UNDER DECOMMISSIONING;1949-01-01T00:00:00
VVR-2;Russian Federation;Moscow;TANK;3000;DECOMMISSIONED;1954-01-01T00:00:00
VIR-2M;Russian Federation;Sarov;HOMOG PUL;25;OPERATIONAL;1980-04-24T00:00:00
VIR-2;Russian Federation;Sarov;HOMOG PUL;25;DECOMMISSIONED;1965-01-01T00:00:00
IRT-M Minsk;Belarus;Minsk;POOL, IRT;5000;DECOMMISSIONED;1962-04-01T00:00:00
BR-5;Russian Federation;Obninsk;FAST, NA COOLED;5000;DECOMMISSIONED;1958-01-01T00:00:00
BR-2;Russian Federation;Obninsk;FAST;100;DECOMMISSIONED;1956-01-01T00:00:00
MYRRHA;Belgium;Mol;FAST;85000;PLANNED;NA
ISPRA-1;Italy;Ispra;HEAVY WATER;5000;PERMANENT SHUTDOWN;1959-03-24T00:00:00
THOR;Taiwan, China;Hsinchu City;TRIGA CONV;2000;OPERATIONAL;1961-04-13T00:00:00
THMER;Taiwan, China;Hsinchu City;MOBILE EDU.;0.001;DECOMMISSIONED;1975-11-19T00:00:00
TRR;Taiwan, China;Taoyuan City;HEAVY WATER;40000;DECOMMISSIONED;1973-01-03T00:00:00
WBRL;Taiwan, China;Taoyuan City;HOMOG (L);100;DECOMMISSIONED;1983-02-23T00:00:00
ZPRL;Taiwan, China;Taoyuan City;POOL;30;PERMANENT SHUTDOWN;1971-02-02T00:00:00
ITU-TRR;Türkiye;Istanbul;TRIGA MARK II;250;OPERATIONAL;1979-03-11T00:00:00
TR-1;Türkiye;Istanbul;POOL;1000;DECOMMISSIONED;1962-01-01T00:00:00
FR-0;Sweden;Nyköping;CRIT FAST;0.01;DECOMMISSIONED;1964-02-01T00:00:00
KRITZ;Sweden;Nyköping;CRIT ASSEMBLY;0.1;DECOMMISSIONED;1969-10-01T00:00:00
R2-0;Sweden;Nyköping;POOL;1000;UNDER DECOMMISSIONING;1960-06-20T00:00:00
R-2;Sweden;Nyköping;TANK;50000;UNDER DECOMMISSIONING;1960-05-04T00:00:00
Argus-FTI;Tajikistan;Dushanbe;HOMOG (L);50;UNDER CONSTRUCTION;NA
HELEN;Romania;Bucharest;SUBCRIT;0;DECOMMISSIONED;1969-01-01T00:00:00
VVR-S Bucharest;Romania;Bucharest;TANK WWR;2000;UNDER DECOMMISSIONING;1957-07-01T00:00:00
RP-01;Romania;Bucharest;TANK;0;DECOMMISSIONED;1976-02-01T00:00:00
HELENA;Poland;Otwock;SUBCRIT;0.001;DECOMMISSIONED;1963-09-02T00:00:00
AGATA;Poland;Otwock;POOL;0.1;DECOMMISSIONED;1973-05-05T00:00:00
PANNA;Poland;Otwock;CRIT ASSEMBLY;0.1;DECOMMISSIONED;1963-01-01T00:00:00
MARYLA;Poland;Otwock;POOL;100;DECOMMISSIONED;1963-12-29T00:00:00
EWA;Poland;Otwock;TANK WWR;10000;UNDER DECOMMISSIONING;1958-06-14T00:00:00
NORA;Norway;Kjeller;CRIT ASSEMBLY;0.05;DECOMMISSIONED;1961-01-01T00:00:00
JEEP I;Norway;Kjeller;HEAVY WATER;450;DECOMMISSIONED;1951-06-01T00:00:00
PALLAS;Netherlands, Kingdom of the;Petten;NA;0;PLANNED;NA
LFR;Netherlands, Kingdom of the;Schagen;ARGONAUT;30;UNDER DECOMMISSIONING;1960-09-28T00:00:00
KRITO;Netherlands, Kingdom of the;Petten;CRIT ASSEMBLY;0.1;DECOMMISSIONED;1963-03-29T00:00:00
BARN;Netherlands, Kingdom of the;Wageningen;POOL;100;DECOMMISSIONED;1963-04-01T00:00:00
ATHENE;Netherlands, Kingdom of the;Eindhoven;ARGONAUT;10;DECOMMISSIONED;1969-02-03T00:00:00
KSTR;Netherlands, Kingdom of the;Arnhem;AQUEOUS BREEDER;1000;DECOMMISSIONED;1974-05-22T00:00:00
TRIGA Puspati (RTP);Malaysia;Kajang;TRIGA MARK II;1000;OPERATIONAL;1982-06-28T00:00:00
MA-R1;Morocco;Rabat;TRIGA MARK II;2000;OPERATIONAL;2007-05-02T00:00:00
TRIGA Mark III;Mexico;La Marquesa Ocoyoacac;TRIGA MARK III;1000;OPERATIONAL;1968-11-08T00:00:00
SUR-100 UNAM;Mexico;Mexico City;HOMOG (S);0;DECOMMISSIONED;1972-09-22T00:00:00
SRR Salaspils Research Reactor;Latvia;Salaspils;POOL;5000;UNDER DECOMMISSIONING;1961-09-26T00:00:00
RKS-25;Latvia;Salaspils;POOL;0.025;PERMANENT SHUTDOWN;1966-09-15T00:00:00
RA;Kazakhstan;Kurchatov;TANK;500;PERMANENT SHUTDOWN;1987-01-01T00:00:00
KRR-2;Korea, Republic of;Seoul;TRIGA MARK III;2000;DECOMMISSIONED;1972-04-10T00:00:00
KRR-1;Korea, Republic of;Seoul;TRIGA MARK II;250;DECOMMISSIONED;1962-03-19T00:00:00
JRR-3;Japan;Tokai-Mura;HEAVY WATER;10000;DECOMMISSIONED;1962-01-01T00:00:00
NSRR;Japan;Tokai;TRIGA ACPR;300;OPERATIONAL;1975-06-30T00:00:00
YAYOI;Japan;Tokyo;FAST SOURCE;2;UNDER DECOMMISSIONING;1971-04-10T00:00:00
DCA;Japan;Tokyo;CRIT ASSEMBLY;1;UNDER DECOMMISSIONING;1969-12-28T00:00:00
JMTRC;Japan;NA;POOL;0.1;DECOMMISSIONED;1965-10-01T00:00:00
Musashi Reactor;Japan;Tokyo;TRIGA MARK II;100;UNDER DECOMMISSIONING;1963-01-30T00:00:00
JRR-3M;Japan;Tokai;POOL;20000;OPERATIONAL;1990-03-22T00:00:00
TTR;Japan;Tokyo;POOL;100;UNDER DECOMMISSIONING;1962-03-13T00:00:00
HTR;Japan;Tokyo;POOL;100;UNDER DECOMMISSIONING;1961-12-25T00:00:00
TRIGA-II Rikkyo;Japan;Yokosuka;TRIGA MARK II;100;UNDER DECOMMISSIONING;1961-12-08T00:00:00
UTR KINKI;Japan;Osaka;ARGONAUT;0.001;OPERATIONAL;1961-11-11T00:00:00
JRR-2;Japan;Tokai-Mura;TANK;10000;UNDER DECOMMISSIONING;1960-10-01T00:00:00
VHTRC;Japan;Tokai;CRIT ASSEMBLY;0.01;DECOMMISSIONED;1985-05-13T00:00:00
SM-1 Subcritical Assembly;Italy;Pavia;SUBCRIT;0;OPERATIONAL;1961-01-01T00:00:00
ROSPO 2;Italy;Rome;POOL;0.2;DECOMMISSIONED;1963-01-01T00:00:00
Struttura Sottocritica;Italy;Padua;SUBCRIT;0;DECOMMISSIONED;1962-01-01T00:00:00
L-54M;Italy;Milan;HOMOG (L);50;UNDER DECOMMISSIONING;1959-11-20T00:00:00
RB-2;Italy;Bologna;ARGONAUT;10;DECOMMISSIONED;1963-05-28T00:00:00
AGN-201 Costanza;Italy;Palermo;HOMOG (S);0.02;OPERATIONAL;1960-02-12T00:00:00
RITMO Reactor (RC-4);Italy;Rome;POOL;0.01;DECOMMISSIONED;1965-07-08T00:00:00
Galileo Galilei RTS-1;Italy;Pisa;POOL;5000;DECOMMISSIONED;1963-04-04T00:00:00
RB-1;Italy;Bologna;CRIT GRAPHITE;20;DECOMMISSIONED;1962-07-01T00:00:00
Avogadro RS-1;Italy;Saluggia;POOL, MTR;5000;DECOMMISSIONED;1959-09-10T00:00:00
KAMINI;India;Kalpakkam;U-233 FUELLED;30;OPERATIONAL;1996-10-29T00:00:00
FBTR;India;Kalpakkam;FAST BREEDER;40000;OPERATIONAL;1985-10-18T00:00:00
PURNIMA-II;India;Mumbai;HOMOG (L);0.005;DECOMMISSIONED;1984-05-10T00:00:00
PURNIMA;India;Mumbai;FAST;0;DECOMMISSIONED;1972-05-01T00:00:00
ZERLINA;India;Kalpakkam;TANK;0.1;DECOMMISSIONED;1961-01-01T00:00:00
Dounreay Zero Energy ZETR;United Kingdom;Thurso;CRIT ASSEMBLY;0;DECOMMISSIONED;1957-08-13T00:00:00
ERIC;United Kingdom;Aldermaston;CRIT FAST;0;DECOMMISSIONED;1952-01-01T00:00:00
Waterfall;United Kingdom;Aldermaston;CRIT FAST;0;DECOMMISSIONED;1954-01-01T00:00:00
Atlas;United Kingdom;Aldermaston;CRIT ASSEMBLY;0;DECOMMISSIONED;1952-01-01T00:00:00
VIPER;United Kingdom;Aldermaston;FAST BURST;0.5;PERMANENT SHUTDOWN;1967-05-26T00:00:00
BERKELEY Zero Energy;United Kingdom;Berkeley;GRAPHITE;1;DECOMMISSIONED;1966-04-14T00:00:00
GR-B Subcritical Assembly;Greece;Thessaloniki;SUBCRIT;0;OPERATIONAL;1971-08-04T00:00:00
GHARR-1;Ghana;Accra;MNSR;30;OPERATIONAL;1994-12-17T00:00:00
IRT-M Tbilisi;Georgia;Tbilisi;POOL, IRT;8000;DECOMMISSIONED;1959-10-01T00:00:00
BEPO;United Kingdom;Didcot;GRAPHITE, AIR;6500;UNDER DECOMMISSIONING;1962-01-01T00:00:00
LIDO;United Kingdom;Didcot;POOL;300;DECOMMISSIONED;1956-09-01T00:00:00
HAZEL;United Kingdom;Didcot;HOMOG (L);0;DECOMMISSIONED;1957-01-01T00:00:00
DAPHNE;United Kingdom;Didcot;HEAVY WATER;0.1;DECOMMISSIONED;1962-01-01T00:00:00
ZENITH II;United Kingdom;Dorchester;GRAPHITE;1;DECOMMISSIONED;1972-03-01T00:00:00
ZENITH I;United Kingdom;Dorchester;GRAPHITE CO2;0.5;DECOMMISSIONED;1959-12-01T00:00:00
JUNO;United Kingdom;Dorchester;CRIT ASSEMBLY;0.1;DECOMMISSIONED;1964-03-01T00:00:00
HERO;United Kingdom;Seascale;GRAPHITE AGR;3;DECOMMISSIONED;1962-06-01T00:00:00
Windscale AGR;United Kingdom;Seascale;GRAPHITE AGR;120000;DECOMMISSIONED;1962-08-09T00:00:00
Dragon;United Kingdom;Dorchester;HE COOLED;20000;UNDER DECOMMISSIONING;1964-01-01T00:00:00
Dounreay MTR;United Kingdom;Thurso;HEAVY WATER;22500;DECOMMISSIONED;1958-05-01T00:00:00
MERLIN;United Kingdom;Aldermaston;POOL;5000;DECOMMISSIONED;1959-07-01T00:00:00
HORACE;United Kingdom;Aldermaston;CRIT ASSEMBLY;0.01;DECOMMISSIONED;1958-05-01T00:00:00
DIMPLE;United Kingdom;Dorchester;POOL;0.1;DECOMMISSIONED;1962-01-01T00:00:00
ICI TRIGA Reactor;United Kingdom;Billingham;TRIGA MARK I;250;DECOMMISSIONED;1971-08-01T00:00:00
Universities Research Reactor;United Kingdom;Warrington;ARGONAUT;300;DECOMMISSIONED;1964-07-07T00:00:00
CONSORT Imperial College;United Kingdom;London;POOL;100;DECOMMISSIONED;1965-09-04T00:00:00
UTR-300;United Kingdom;Glasgow;ARGONAUT;300;DECOMMISSIONED;1963-06-01T00:00:00
VERA Nuclear Assembly;United Kingdom;Aldermaston;CRIT FAST;0.1;DECOMMISSIONED;1961-01-01T00:00:00
VULCAN;United Kingdom;Thurso;PWR;0;PERMANENT SHUTDOWN;1961-01-01T00:00:00
Neptune;United Kingdom;Derby;POOL;0.3;OPERATIONAL;1963-01-03T00:00:00
HECTOR;United Kingdom;Dorchester;ZERO POWER HTD;0.1;DECOMMISSIONED;1963-03-01T00:00:00
HERALD;United Kingdom;Aldermaston;POOL;5000;DECOMMISSIONED;1960-10-10T00:00:00
NESTOR;United Kingdom;Didcot;ARGONAUT;30;DECOMMISSIONED;1961-01-01T00:00:00
ZEBRA;United Kingdom;Dorchester;CRIT FAST;1;DECOMMISSIONED;1962-12-01T00:00:00
Jason;United Kingdom;London;ARGONAUT;10;DECOMMISSIONED;1959-09-30T00:00:00
Dounreay Fast Reactor;United Kingdom;Thurso;FAST BREEDER;65000;UNDER DECOMMISSIONING;1959-11-01T00:00:00
PLUTO;United Kingdom;Harwell;HEAVY WATER;26000;UNDER DECOMMISSIONING;1957-10-25T00:00:00
DIDO;United Kingdom;Harwell;HEAVY WATER;26000;UNDER DECOMMISSIONING;1956-11-07T00:00:00
GLEEP;United Kingdom;Harwell;GRAPHITE;50;DECOMMISSIONED;1947-08-18T00:00:00
Toad;United Kingdom;Thurso;CRIT ASSEMBLY;0.01;DECOMMISSIONED;1960-07-01T00:00:00
Panther;United Kingdom;Thurso;CRIT ASSEMBLY;0.01;DECOMMISSIONED;1961-01-01T00:00:00
Puma;United Kingdom;Thurso;CRIT ASSEMBLY;0;DECOMMISSIONED;1960-11-01T00:00:00
Phoenix;United Kingdom;Thurso;CRIT ASSEMBLY;0.1;DECOMMISSIONED;1960-07-01T00:00:00
Sirius;United Kingdom;Thurso;CRIT ASSEMBLY;0.1;DECOMMISSIONED;1961-05-01T00:00:00
Tessie;United Kingdom;Thurso;CRIT ASSEMBLY;5;DECOMMISSIONED;1959-11-01T00:00:00
QMC Subcritical Assembly;United Kingdom;London;SUBCRIT;0;DECOMMISSIONED;1959-03-01T00:00:00
QMC UTR-B;United Kingdom;London;ARGONAUT;100;DECOMMISSIONED;1968-06-10T00:00:00
Ulysse;France;Gif-sur-Yvette;ARGONAUT;100;UNDER DECOMMISSIONING;1961-07-27T00:00:00
Silene;France;Dijon;HOMOG (L);1;PERMANENT SHUTDOWN;1974-01-01T00:00:00
Mirene;France;Dijon;HOMOG (L);0;DECOMMISSIONED;1975-01-01T00:00:00
Strasbourg-Cronenbourg;France;Strasbourg;ARGONAUT;100;DECOMMISSIONED;1966-11-22T00:00:00
Pegase;France;Saint-Paul-lès-Durance;TANK;30000;PERMANENT SHUTDOWN;1963-04-01T00:00:00
EL-2;France;Saclay;TANK;2500;DECOMMISSIONED;1952-01-01T00:00:00
ZOE (EL-1);France;Fontenay-aux-Roses;HEAVY WATER;150;DECOMMISSIONED;1948-12-15T00:00:00
Scarabee;France;Cadarache;POOL;100000;DECOMMISSIONED;1982-01-01T00:00:00
Phebus;France;Aix-en-Provence;POOL;38000;UNDER DECOMMISSIONING;1978-08-09T00:00:00
Cabri;France;Saint-Paul-lès-Durance;POOL;25000;OPERATIONAL;1963-01-01T00:00:00
ILL High Flux Reactor;France;Grenoble;HEAVY WATER;58300;OPERATIONAL;1971-07-01T00:00:00
Harmonie;France;Saint-Paul-lès-Durance;TANK;1;DECOMMISSIONED;1965-08-01T00:00:00
Rapsodie;France;Cadarache;FAST, POWER;40000;UNDER DECOMMISSIONING;1963-01-01T00:00:00
Siloette;France;Grenoble;POOL;100;DECOMMISSIONED;1964-02-01T00:00:00
Cesar;France;Saint-Paul-les-Durance;CRIT ASSEMBLY;10;DECOMMISSIONED;1964-12-01T00:00:00
EL 4;France;Carhaix-Plouguer;HEAVY WATER;267000;UNDER DECOMMISSIONING;1966-12-01T00:00:00
Siloe;France;Grenoble;POOL;35000;DECOMMISSIONED;1963-03-18T00:00:00
Nereide;France;Fontenay-aux-Roses;POOL;500;DECOMMISSIONED;1960-09-15T00:00:00
Marius;France;Saint-Paul-les-Durance;CRIT ASSEMBLY;0.4;DECOMMISSIONED;1960-01-01T00:00:00
Triton;France;Fontenay-aux-Roses;POOL;6500;DECOMMISSIONED;1959-06-29T00:00:00
Melusine;France;Grenoble;POOL;8000;DECOMMISSIONED;1958-07-01T00:00:00
EL 3;France;Saclay;HEAVY WATER;18000;DECOMMISSIONED;1957-01-01T00:00:00
Proserpine;France;Gif-sur-Yvette;HOMOG (L);0.001;DECOMMISSIONED;1958-03-17T00:00:00
Alecto;France;Gif-sur-Yvette;HOMOG (L);0.001;DECOMMISSIONED;1961-01-01T00:00:00
Peggy;France;Saint-Paul-les-Durance;CRIT ASSEMBLY;1;DECOMMISSIONED;1961-06-01T00:00:00
Alizee;France;Gif-sur-Yvette;CRIT ASSEMBLY;0.1;PERMANENT SHUTDOWN;1959-06-18T00:00:00
SCA;Finland;Helsinki;SUBCRIT;0;DECOMMISSIONED;1963-07-30T00:00:00
CORAL-I;Spain;Madrid;CRIT ASSEMBLY;0.05;DECOMMISSIONED;1968-03-28T00:00:00
ARBI Reactor;Spain;Bilbao;ARGONAUT;10;DECOMMISSIONED;1962-06-26T00:00:00
Argos Research Reactor;Spain;Barcelona;ARGONAUT;1;DECOMMISSIONED;1961-06-01T00:00:00
JEN-1 Mod;Spain;Madrid;POOL;3000;DECOMMISSIONED;1958-10-09T00:00:00
DR-3;Denmark;Roskilde;HEAVY WATER;10000;UNDER DECOMMISSIONING;1960-01-16T00:00:00
DR-2;Denmark;Roskilde;POOL;5000;DECOMMISSIONED;1958-12-18T00:00:00
DR-1;Denmark;Roskilde;HOMOG (L);2;DECOMMISSIONED;1957-08-15T00:00:00
ANEX;Germany;Munich;CRIT ASSEMBLY;0.1;DECOMMISSIONED;1964-05-01T00:00:00
AKR-2;Germany;Dresden;HOMOG (S);0.002;OPERATIONAL;1978-07-28T00:00:00
SUR Furtwangen;Germany;Furtwangen im Schwarzwald;HOMOG (S);0;OPERATIONAL;1973-03-28T00:00:00
AEG Nullenergie Reaktor;Germany;Karlstein am Main;TANK;0.1;DECOMMISSIONED;1967-06-01T00:00:00
ADIBKA (L77A);Germany;Jülich;HOMOG (L);0.1;DECOMMISSIONED;1967-03-18T00:00:00
SUR Ulm;Germany;Ulm;HOMOG (S);0;OPERATIONAL;1965-12-01T00:00:00
SUR Aachen;Germany;Aachen;HOMOG (S);0;PERMANENT SHUTDOWN;1965-09-22T00:00:00
SUR Stuttgart;Germany;Stuttgart;HOMOG (S);0;OPERATIONAL;1964-04-24T00:00:00
SR-0;Czech Republic;Plzen;POOL;1;DECOMMISSIONED;1971-01-01T00:00:00
TR-0;Czech Republic;Prague;TANK;0.3;DECOMMISSIONED;1972-01-01T00:00:00
IAN-R1;Colombia;Bogota;TRIGA CONV;30;OPERATIONAL;1965-01-20T00:00:00
CMRR (China Mianyang Research Reactor);China;Mianyang;POOL;20000;OPERATIONAL;2013-09-01T00:00:00
HTR-10;China;Beijing;HIGH TEMP GAS;10000;OPERATIONAL;2000-12-21T00:00:00
MJTR;China;Chengdu;POOL;5000;OPERATIONAL;1991-03-02T00:00:00
ESR-901;China;Beijing;POOL-2 CORES;1000;OPERATIONAL;1964-10-01T00:00:00
NHR-5;China;Beijing;HEATING PROT;5000;OPERATIONAL;1989-11-03T00:00:00
SPRR-300;China;Chengdu;POOL;3000;OPERATIONAL;1979-06-28T00:00:00
HFETR Critical;China;Chengdu;CRIT ASSEMBLY;0;OPERATIONAL;1979-06-20T00:00:00
PPR PULSING;China;Chengdu;POOL, UZRH;1000;OPERATIONAL;1990-08-01T00:00:00
HFETR;China;Chengdu;TANK;125000;OPERATIONAL;1979-12-27T00:00:00
Zero Power Reactor;China;Chengdu;CRIT ASSEMBLY;0;PERMANENT SHUTDOWN;1966-01-01T00:00:00
PROTEUS;Switzerland;Villigen;CRIT ASSEMBLY;1;UNDER DECOMMISSIONING;1968-01-01T00:00:00
DIORIT;Switzerland;Zurich;HEAVY WATER;30000;UNDER DECOMMISSIONING;1960-10-10T00:00:00
AGN-201P;Switzerland;Geneva;HOMOG (S);0;DECOMMISSIONED;1958-06-01T00:00:00
SAPHIR;Switzerland;Würenlingen;POOL;10000;DECOMMISSIONED;1957-04-30T00:00:00
ZED-2;Canada;Chalk River, ON;TANK;0.2;OPERATIONAL;1960-09-07T00:00:00
MNR McMaster University;Canada;Hamilton, ON;POOL, MTR;3000;OPERATIONAL;1959-04-04T00:00:00
BR-3;Belgium;Mol;PWR POWER;40900;DECOMMISSIONED;1962-08-29T00:00:00
BR-02, Mock-up of BR2;Belgium;Mol;POOL;0.5;DECOMMISSIONED;1959-12-01T00:00:00
THETIS RR-BN-1;Belgium;Ghent;POOL;250;DECOMMISSIONED;1967-04-07T00:00:00
CF;Australia;Sydney;CRIT ASSEMBLY;0;DECOMMISSIONED;1973-03-01T00:00:00
HIFAR;Australia;Sydney;HEAVY WATER;10000;PERMANENT SHUTDOWN;1958-01-26T00:00:00
MOATA;Australia;Lucas Heights, NSW;ARGONAUT;100;DECOMMISSIONED;1961-04-01T00:00:00
RA-2;Argentina;Buenos Aires;CRIT ASSEMBLY;0.03;DECOMMISSIONED;1966-07-01T00:00:00
RA-8;Argentina;San Carlos de Bariloche;CRIT ASSEMBLY;0.01;TEMPORARY SHUTDOWN;1997-06-17T00:00:00
RA-1 Enrico Fermi Reactor;Argentina;Buenos Aires;TANK;40;OPERATIONAL;1958-01-20T00:00:00
RV-1;Venezuela, Bolivarian Republic of;San Antonio de los Altos;POOL;3000;PERMANENT SHUTDOWN;1960-07-12T00:00:00
TRICO I;Democratic Republic of the Congo;Kinshasa;TRIGA MARK I;50;PERMANENT SHUTDOWN;1959-06-06T00:00:00
ECO (Orgel Critical Experiment);Italy;Ispra;CRIT FAST;2;UNDER DECOMMISSIONING;1965-11-01T00:00:00
ESSOR Nuclear Plant;Italy;Ispra;HEAVY WATER;43000;UNDER DECOMMISSIONING;1967-03-19T00:00:00
Kristal;Belarus;Minsk;CRIT ASSEMBLY;0;EXTENDED SHUTDOWN;NA
Multipurpose Research Reactor;Nigeria;Abuja;POOL;10000;PLANNED;NA
PARR-1;Pakistan;Islamabad;POOL;10000;OPERATIONAL;1965-12-21T00:00:00
Thermal RR;India;Visakhapatnam;POOL;125000;PLANNED;NA
GA-TRIGA F;United States of America;San Diego, CA;TRIGA MARK I;250;UNDER DECOMMISSIONING;1960-07-01T00:00:00
GA-TRIGA I;United States of America;San Diego, CA;TRIGA MARK I;250;UNDER DECOMMISSIONING;1958-05-03T00:00:00
RNG New Generation Reactor;France;Saint-Paul-les-Durance;BWR-PROTOTYPE;120000;PERMANENT SHUTDOWN;1975-11-24T00:00:00
UCNR Union Carbide;United States of America;Tuxedo, NY;POOL;5000;DECOMMISSIONED;1961-01-01T00:00:00
UWI CNS SLOWPOKE;Jamaica;Mona;SLOWPOKE;20;OPERATIONAL;1984-03-13T00:00:00
SAFARI-1;South Africa;Pretoria;TANK IN POOL;20000;OPERATIONAL;1965-03-18T00:00:00
IVG.1M;Kazakhstan;Kurchatov;PWR;35000;OPERATIONAL;1972-09-19T00:00:00
TMSR-SF1;China;Shanghai;EXPERIMENTAL;10000;PLANNED;NA
TMSR-LF1;China;Shanghai;EXPERIMENTAL;2000;PLANNED;NA
IEA-R1;Brazil;Sao Paulo;POOL;5000;OPERATIONAL;1957-09-16T00:00:00
SUT MNSR;Thailand;Nakorn Ratchasima;MNSR;45;PLANNED;NA
LR-0;Czech Republic;Husinec-Rez;POOL - VARIABLE CORE;5;OPERATIONAL;1982-12-19T00:00:00
MIR.M1;Russian Federation;Dimitrovgrad;POOL/CHANNELS;100000;OPERATIONAL;1966-12-24T00:00:00
IR-8;Russian Federation;Moscow;POOL, IRT;8000;OPERATIONAL;1981-08-12T00:00:00
UVPSh;Russian Federation;Moscow;SUBCRIT;0;OPERATIONAL;1964-03-18T00:00:00
UG Subcritical;Russian Federation;Moscow;SUBCRIT;0;OPERATIONAL;1955-04-20T00:00:00
UV;Russian Federation;Moscow;SUBCRIT;0;OPERATIONAL;1980-12-04T00:00:00
PHENIX;France;Marcoule;FAST BREEDER;563000;UNDER DECOMMISSIONING;1973-08-31T00:00:00
G-1;France;Bagnols-sur-Cèze;GRAPHITE PILE;46000;UNDER DECOMMISSIONING;1956-01-07T00:00:00
OCF Ozenji Critical Facility;Japan;Kawasaki;CRIT ASSEMBLY;0.1;DECOMMISSIONED;1962-10-01T00:00:00
MCF;Japan;Saitama;CRIT ASSEMBLY;0.2;DECOMMISSIONED;1969-08-01T00:00:00
JRR-1;Japan;Tokai-mura;HOMOG (L);60;DECOMMISSIONED;1957-08-27T00:00:00
SCA;Japan;Tokai-mura;CRIT ASSEMBLY;0.2;DECOMMISSIONED;1966-08-01T00:00:00
AHCF;Japan;Tokai-mura;CRIT ASSEMBLY;0.01;DECOMMISSIONED;1961-01-01T00:00:00
AGN-201K;Korea, Republic of;Yongin;HOMOG (S);0.01;OPERATIONAL;1982-12-04T00:00:00
ETRR-1;Egypt;Cairo;TANK WWR;2000;EXTENDED SHUTDOWN;1961-02-08T00:00:00
YALINA-Thermal;Belarus;Minsk;SUBCRIT;0;OPERATIONAL;2000-01-01T00:00:00
LPRR;Saudi Arabia;Riyadh;POOL;30;UNDER CONSTRUCTION;NA
RBT-10/1;Russian Federation;Dimitrovgrad;POOL;10000;DECOMMISSIONED;1983-12-01T00:00:00
UG Rig;Russian Federation;Elektrostal;CRIT GRAPHITE;0.03;DECOMMISSIONED;1967-04-20T00:00:00
VVER;Russian Federation;Moscow;SUBCRIT;0;EXTENDED SHUTDOWN;1974-04-06T00:00:00
UV-1;Russian Federation;Moscow;SUBCRIT;0;EXTENDED SHUTDOWN;1983-10-25T00:00:00
UV-2;Russian Federation;Moscow;SUBCRIT;0;EXTENDED SHUTDOWN;1972-11-04T00:00:00
RB;Serbia;Belgrade;HEAVY WATER;0;TEMPORARY SHUTDOWN;1958-04-29T00:00:00
RP-10;Peru;Lima;POOL;10000;OPERATIONAL;1988-11-30T00:00:00
ETRR-2;Egypt;Cairo;POOL;22000;OPERATIONAL;1997-11-27T00:00:00
IPR-R1;Brazil;Belo Horizonte;TRIGA MARK I;100;OPERATIONAL;1960-11-06T00:00:00
Rachel;France;Dijon;CRIT FAST;0.1;DECOMMISSIONED;1961-04-01T00:00:00
Rubeole;France;Gif-sur-Yvette;CRIT ASSEMBLY;0.1;DECOMMISSIONED;1959-07-03T00:00:00
Aksamit;Russian Federation;Moscow;CRIT ASSEMBLY;0;OPERATIONAL;2002-02-25T00:00:00
RA;Serbia;Vinca;HEAVY WATER;6500;DECOMMISSIONED;1959-12-28T00:00:00
Delphi;Netherlands, Kingdom of the;Delft;SUBCRIT;0;OPERATIONAL;NA
RMB;Brazil;Iperó;POOL;30000;PLANNED;NA
KJRR;Korea, Republic of;Busan;POOL;15000;PLANNED;NA
Multipurpose Research Reactor;Viet Nam;Da Lat;POOL, IRT;15000;PLANNED;NA
JSA - Jordan Subcritical Assembly;Jordan;Amman;SUBCRIT;0;OPERATIONAL;2013-06-07T00:00:00
TFHR Thorium Pebble Bed;China;Shanghai;EXPERIMENTAL;2000;PLANNED;NA
Critical Experiment Tank;United States of America;Idaho Falls, ID;AIR COOLED;5;DECOMMISSIONED;1958-01-01T00:00:00
WWR-K CF;Kazakhstan;Almaty;CRIT ASSEMBLY;0.1;OPERATIONAL;1972-12-01T00:00:00
IRR-1;Israel;Yavne;POOL;5000;OPERATIONAL;1960-06-16T00:00:00
Multipurpose RR;Ukraine;Kiev;POOL;20000;PLANNED;NA
RP-0;Peru;Lima;CRIT ASSEMBLY;0.001;OPERATIONAL;1978-07-20T00:00:00
IRT-DPRK;Dem. P.R. of Korea;Nyongbyon;POOL, IRT;8000;OPERATIONAL;1965-08-15T00:00:00
RA-6;Argentina;San Carlos de Bariloche;POOL;500;OPERATIONAL;1982-09-23T00:00:00
RA-0;Argentina;Córdoba;TANK;0.01;OPERATIONAL;1965-01-01T00:00:00
RA-3;Argentina;Ezeiza;POOL;10000;OPERATIONAL;1967-05-17T00:00:00
Giacint;Belarus;Minsk;CRIT ASSEMBLY;0;OPERATIONAL;2009-01-01T00:00:00
R-1;Russian Federation;St. Petersburg;SUBCRIT;0;PERMANENT SHUTDOWN;1991-08-19T00:00:00
SO-2M;Russian Federation;Moscow;SUBCRIT;0;PERMANENT SHUTDOWN;1975-01-01T00:00:00
7KVD;Russian Federation;Podolsk;SUBCRIT;0;PERMANENT SHUTDOWN;1979-12-07T00:00:00
ENTC GSCR;Iran, Islamic Republic of;Isfahan;SUBCRIT;0;DECOMMISSIONED;1992-01-01T00:00:00
TAMMUZ-2;Iraq;Baghdad;POOL;500;PERMANENT SHUTDOWN;1987-03-01T00:00:00
IRT-5000;Iraq;Baghdad;POOL, IRT;5000;PERMANENT SHUTDOWN;1967-01-01T00:00:00
Pelinduna-0;South Africa;Pretoria;CRIT FAST;0;DECOMMISSIONED;1967-01-01T00:00:00
IRR-2;Israel;Yavne;HEAVY WATER;26000;OPERATIONAL;1963-12-01T00:00:00
IPEN/MB-01;Brazil;Sao Paulo;POOL;0.1;OPERATIONAL;1988-11-09T00:00:00
YALINA-Booster;Belarus;Minsk;SUBCRIT;0;OPERATIONAL;2005-05-30T00:00:00
SNI, IR-100;Ukraine;Sevastopol;POOL, IRT;200;OPERATIONAL;1967-04-18T00:00:00
SPh IR-100;Ukraine;Sevastopol;CRIT ASSEMBLY;0.002;OPERATIONAL;1974-07-17T00:00:00
ZR-6M;Hungary;NA;CRIT ASSEMBLY;0;DECOMMISSIONED;1972-11-28T00:00:00
HECTOR;United Kingdom;NA;GRAPHITE CO2;0.1;DECOMMISSIONED;1963-03-10T00:00:00
